{"LeNet5": {"train_loss": [2.1407168989181518, 2.0432837781906126, 2.000435858345032, 1.9731311544418335, 1.9511860920906068, 1.9096741979599, 1.8946990920066833, 1.8796621136665344, 1.8728222619056702, 1.8610211117744446, 1.8395158120155335, 1.8317993628501892, 1.8256006645202636, 1.8204164361000061, 1.8135747806549072, 1.801342445087433, 1.7965336098670959, 1.7938044701576232, 1.7908384444236756, 1.7872295763969421, 1.7804319190979003, 1.7781404275894166, 1.7766855912208557, 1.775064831352234, 1.773493453025818, 1.7699282843589783, 1.769103207874298, 1.7682825101852417, 1.7674504477500916, 1.7666541165351868, 1.7648972187042236, 1.7644861672401428, 1.764077501487732, 1.7636474866867065, 1.7633081782341002, 1.7623985507011413, 1.7622489659309388, 1.76198855342865, 1.7617522919654847, 1.7615684325218202, 1.761157581615448, 1.761034197616577, 1.7609238348007201, 1.7608402106285095, 1.7606974331855774, 1.760497301387787, 1.7604460527420045, 1.760397000312805], "val_loss": [2.0763224626120667, 2.0108932188143744, 1.9863029451796803, 1.9677633595542785, 1.9593625685658318, 1.9274915601498783, 1.9273378925201612, 1.9157739035999433, 1.9114790747340875, 1.903715198794112, 1.9023657088843398, 1.8972998427125973, 1.8912487308057353, 1.892992142290353, 1.8923581434895818, 1.8854805798576282, 1.8866944975746325, 1.8854305268095706, 1.8871858257074325, 1.8843048205390907, 1.8844523909754647, 1.8841587232705503, 1.884240845521799, 1.884415958636104, 1.8838585535177408, 1.883367999293172, 1.883580012062487, 1.882948392115462, 1.8838636429545979, 1.8830255841294798, 1.883763629788408, 1.882835553857846, 1.883103609085083, 1.882764292220338, 1.8829312389270185, 1.882575580487236, 1.882864607789646, 1.8824678865103677, 1.8827380212351157, 1.8827588074504378, 1.882748360451037, 1.8826690839883238, 1.8825709751238837, 1.882626626438226, 1.8825117962809796, 1.882640339315128, 1.882650508286473, 1.8826030047175983], "val_acc": [0.3802, 0.4485, 0.4716, 0.488, 0.498, 0.5315, 0.5311, 0.5417, 0.5463, 0.5548, 0.5552, 0.5616, 0.5674, 0.5658, 0.5662, 0.5719, 0.5707, 0.5718, 0.5717, 0.5751, 0.5736, 0.5742, 0.5731, 0.5731, 0.5739, 0.5747, 0.5747, 0.5755, 0.5748, 0.5744, 0.5751, 0.5755, 0.5748, 0.5757, 0.5762, 0.5768, 0.5759, 0.5763, 0.5762, 0.5761, 0.5755, 0.576, 0.5756, 0.5763, 0.5764, 0.5759, 0.5755, 0.5761], "lr_history": [0.001, 0.001, 0.001, 0.001, 0.001, 0.0005, 0.0005, 0.0005, 0.0005, 0.0005, 0.00025, 0.00025, 0.00025, 0.00025, 0.00025, 0.000125, 0.000125, 0.000125, 0.000125, 0.000125, 6.25e-05, 6.25e-05, 6.25e-05, 6.25e-05, 6.25e-05, 3.125e-05, 3.125e-05, 3.125e-05, 3.125e-05, 3.125e-05, 1.5625e-05, 1.5625e-05, 1.5625e-05, 1.5625e-05, 1.5625e-05, 7.8125e-06, 7.8125e-06, 7.8125e-06, 7.8125e-06, 7.8125e-06, 3.90625e-06, 3.90625e-06, 3.90625e-06, 3.90625e-06, 3.90625e-06, 1.953125e-06, 1.953125e-06, 1.953125e-06]}, "LeNet5_Filters": {"train_loss": [2.106937617778778, 2.0113581789016726, 1.9722471020698547, 1.9554064428329467, 1.9329988909721374, 1.8904802698135377, 1.8746635207176208, 1.85861938123703, 1.847474941635132, 1.8101791739463806, 1.771946944141388, 1.757778665161133, 1.7443646708488465, 1.7349072742462157, 1.7242572113990784, 1.70707082195282, 1.6994077939987182, 1.6934663667678833, 1.6871833464622497, 1.6822849689483643, 1.6734277342796327, 1.670182608127594, 1.6677000400543214, 1.6650921588897705, 1.662813766670227, 1.6592679087638855, 1.6579377871513368, 1.6566931243896483, 1.655498526954651, 1.6544714922904968, 1.6528449109077454, 1.6523180994033813, 1.6517903136253358, 1.6512733165740967, 1.650691740131378, 1.6499743877410888, 1.6496866523742675, 1.649447209739685, 1.6491781529426575, 1.648946523475647, 1.6485963603019715, 1.6484839450836182, 1.648352575969696, 1.6482459431648255], "val_loss": [2.0314906050983708, 1.9975033339600974, 1.9749577654817234, 1.9656967309336313, 1.9566548742806187, 1.916431801387677, 1.9126662537693597, 1.9009235434638807, 1.8820941349187978, 1.851657512088934, 1.8340730480492686, 1.8328630250102034, 1.8269105410804383, 1.8182224343759945, 1.8167034101943238, 1.8095105585579674, 1.8103168844795836, 1.8079712901252527, 1.806685029889067, 1.8089596364444818, 1.805778250145836, 1.8045756310319747, 1.80657296287366, 1.8045885441021416, 1.8039225385592768, 1.8038749283495041, 1.8041609114351365, 1.8045551479814914, 1.802767674001261, 1.8028764111546283, 1.8029308189599278, 1.802101486407149, 1.8021528374272795, 1.8015702974301178, 1.8018113542288636, 1.8023606649222084, 1.8017861881195165, 1.802182567767061, 1.802139538545578, 1.8019550082782587, 1.8017459247058953, 1.8017662333223385, 1.8017429239071978, 1.801843714409362], "val_acc": [0.4273, 0.4586, 0.4827, 0.4905, 0.5007, 0.5427, 0.5453, 0.559, 0.5755, 0.6053, 0.6235, 0.6267, 0.6321, 0.6411, 0.643, 0.6511, 0.6492, 0.6508, 0.6522, 0.6507, 0.6534, 0.6537, 0.6514, 0.6538, 0.657, 0.6552, 0.6546, 0.6537, 0.6559, 0.6564, 0.656, 0.6567, 0.6557, 0.6572, 0.6555, 0.657, 0.6558, 0.6565, 0.6563, 0.6561, 0.657, 0.6569, 0.6566, 0.6577], "lr_history": [0.001, 0.001, 0.001, 0.001, 0.001, 0.0005, 0.0005, 0.0005, 0.0005, 0.0005, 0.00025, 0.00025, 0.00025, 0.00025, 0.00025, 0.000125, 0.000125, 0.000125, 0.000125, 0.000125, 6.25e-05, 6.25e-05, 6.25e-05, 6.25e-05, 6.25e-05, 3.125e-05, 3.125e-05, 3.125e-05, 3.125e-05, 3.125e-05, 1.5625e-05, 1.5625e-05, 1.5625e-05, 1.5625e-05, 1.5625e-05, 7.8125e-06, 7.8125e-06, 7.8125e-06, 7.8125e-06, 7.8125e-06, 3.90625e-06, 3.90625e-06, 3.90625e-06, 3.90625e-06]}, "LeNet5_Dropout": {"train_loss": [2.2033812269210817, 2.102109194087982, 2.0622367111206055, 2.03893752746582, 2.029515450000763, 1.9916090129852295, 1.9798829572677612, 1.9706753750801087, 1.9695957762718201, 1.9612396114349364, 1.940421300315857, 1.93393075466156, 1.927944204902649, 1.9240220512390136, 1.9192908439636231, 1.9093434763908386, 1.9032868863105774, 1.9037301543235778, 1.901468574333191, 1.896330209159851, 1.8916203331947328, 1.889266871547699, 1.885075012779236, 1.8879902260780335, 1.882542446899414, 1.8816796783447265, 1.8807480116844177, 1.8812260157585143, 1.880353924560547, 1.8784610852241517, 1.8808870856285096, 1.8765980570793153, 1.8773989046096802, 1.8779701340675354, 1.8750604460716247, 1.8745075890541076, 1.8753090733528137, 1.874188367843628, 1.8747552625656128, 1.8736720357894898, 1.8743439622879028, 1.8731203746795655, 1.8744925191879271, 1.8744760823249818, 1.8740440174102784, 1.8752378471374511, 1.8742336652755738, 1.8736252267837525, 1.87497237033844, 1.8735871331214904], "val_loss": [2.095117956685563, 2.0740769994906345, 2.018070002333425, 2.0069234112200265, 1.9855623249047862, 1.97261188548213, 1.9789090990639342, 1.9634131772068744, 1.9579146369196736, 1.9452670401277634, 1.9434773472551339, 1.9232041748187032, 1.9214469838066224, 1.9215757115580403, 1.9223504835805192, 1.9077493835942814, 1.9045572079027804, 1.905186626096122, 1.9024172571901314, 1.9024584758015106, 1.8943081366749237, 1.898031678824379, 1.8942946088961519, 1.8925241963170207, 1.8949282573054012, 1.8923227093851984, 1.8904624263318583, 1.8906017964640365, 1.8893974684297847, 1.8885546126685584, 1.8871634082672315, 1.8883567336268319, 1.8860929774019284, 1.8867482125949555, 1.8861915040701722, 1.8858215009061674, 1.8858948443263484, 1.8863423087726385, 1.885865081613437, 1.884838632120492, 1.8850095889057976, 1.8849879906962093, 1.885513895997605, 1.8851348466385667, 1.884870420629605, 1.8850536148388164, 1.8851088498727964, 1.8855397427043976, 1.8852013071505025, 1.8852465465045964], "val_acc": [0.3584, 0.3807, 0.438, 0.4509, 0.4717, 0.4846, 0.4802, 0.4943, 0.4989, 0.5123, 0.5138, 0.5347, 0.5357, 0.5351, 0.5362, 0.5498, 0.5534, 0.5522, 0.5587, 0.556, 0.5648, 0.5613, 0.5661, 0.5658, 0.5649, 0.5651, 0.5689, 0.5674, 0.5696, 0.5712, 0.5737, 0.5714, 0.5738, 0.5726, 0.5737, 0.5738, 0.5737, 0.5726, 0.5733, 0.5758, 0.5755, 0.5754, 0.5743, 0.5754, 0.5756, 0.5757, 0.5757, 0.574, 0.5753, 0.5753],