{"LeNet5": {"train_loss": [2.139749847316742, 2.042551878452301, 1.9930123139381408, 1.962312117767334, 1.9418416382789612, 1.9215883135795593, 1.9089037961006166, 1.89925318069458, 1.8883890231132507, 1.8757515357017518, 1.872314258289337, 1.8629972993850707, 1.85907654876709, 1.854157424545288, 1.8456459844589232, 1.8433840585708618, 1.8322640920639037, 1.8324571515083312, 1.8302446484565735, 1.8223625995635986, 1.825843061542511, 1.814565680885315, 1.8193104881286621, 1.8186441195487977, 1.8131630217552186, 1.810063496875763, 1.8115404565811157, 1.8057141559600831, 1.8030638405799866, 1.8021581400871276, 1.8028729056358337, 1.8062385089874267], "val_loss": [2.072845376337679, 2.012400162867464, 1.9868375912261085, 1.9803523270847698, 1.965221315907975, 1.941722299725103, 1.929844231651233, 1.9313393008594695, 1.9281421210438299, 1.9305194734384457, 1.9405251025391843, 1.9225214491256128, 1.9188646264731313, 1.9191056798441342, 1.9007246517144833, 1.9095395910092436, 1.9294917911005478, 1.912616075799107, 1.9132895008824504, 1.9007083943095833, 1.9039360414297817, 1.897926265058426, 1.917315299518573, 1.8984558700372616, 1.9117664068270797, 1.912267815190763, 1.9330378618484108, 1.9084852198823192, 1.9002715745292151, 1.9032633750202557, 1.8991766756715867, 1.9061157638653399], "val_acc": [0.3818, 0.4435, 0.469, 0.4758, 0.4908, 0.5144, 0.5279, 0.5245, 0.5283, 0.5256, 0.5157, 0.5347, 0.5385, 0.538, 0.5568, 0.547, 0.53, 0.5445, 0.5445, 0.5576, 0.5534, 0.5602, 0.5416, 0.5596, 0.5464, 0.5462, 0.5253, 0.5493, 0.5577, 0.5546, 0.5612, 0.5539]}, "LeNet5_Filters": {"train_loss": [2.1051857570648194, 2.0102800741195677, 1.936654335975647, 1.9052768107414246, 1.8835355104446412, 1.8683645209312438, 1.8564797409057616, 1.8463086527824402, 1.829430567073822, 1.8206972011566163, 1.8168037579536438, 1.8136378756523133, 1.8035380181312561, 1.8116789799690247, 1.796175157546997, 1.8050617310523986, 1.807225367832184, 1.794773107433319, 1.8074999906539917, 1.8022496961593628, 1.8016939091682433, 1.8013560192108153, 1.8018121891975403, 1.8075556265830994, 1.8000502468109132, 1.8006329992294312, 1.8059194257736206, 1.8119543398857116, 1.8033268657684327, 1.80172383852005], "val_loss": [2.06712125018001, 1.9460527649321877, 1.95102339506911, 1.91430615083859, 1.9063216748709877, 1.890047747106217, 1.9456106805192015, 1.8885939882967038, 1.884666942559873, 1.8570113738123981, 1.8799448257056288, 1.8883491347011285, 1.8732613945921388, 1.8594212109288468, 1.8642462971873177, 1.8760293977329145, 1.8613073067924084, 1.872604828673049, 1.8576271682501602, 1.8565603513687183, 1.8637164278913991, 1.8695997083529878, 1.866800193969434, 1.8996685012080037, 1.887959939984087, 1.8882425791158464, 1.8631236103776925, 1.877848670505487, 1.898390008237796, 1.8723428013225714], "val_acc": [0.3882, 0.513, 0.5048, 0.5434, 0.5512, 0.5684, 0.5123, 0.5697, 0.5738, 0.6008, 0.5772, 0.5693, 0.5847, 0.6, 0.5955, 0.5844, 0.5984, 0.5857, 0.6023, 0.603, 0.5955, 0.5904, 0.5924, 0.5604, 0.5726, 0.5724, 0.5974, 0.582, 0.5614, 0.5879]}, "LeNet5_Dropout": {"train_loss": [2.1794075620651245, 2.0719540922164916, 2.036743406677246, 2.011598293399811, 1.998481214427948, 1.9841882644653321, 1.977108217906952, 1.9739287867546083, 1.9604643560409545, 1.959148870944977, 1.9584128920555115, 1.9584627987861634, 1.9589460126876832, 1.9525705940246583, 1.9450006541252136, 1.9547931399345397, 1.9571986582756042, 1.946830743598938, 1.9632934162139892, 1.9720406004905702, 1.9629800372123718, 1.9561381713867187, 1.9683681895256042, 1.971341475200653, 1.9808601534843444, 1.9682145807266236, 1.9750939210891723], "val_loss": [2.079152893334532, 2.0164370445397717, 1.9918316922629604, 1.9780616291795676, 1.9784154861498946, 1.965166876110406, 2.0644548255414628, 1.9609601322454386, 1.9503925494111765, 1.9520543086262176, 1.9427422913499535, 1.9523808190616936, 1.9277710099570669, 1.9233416589304282, 1.9255426520356735, 1.9792906948552726, 1.9090264319611814, 1.931079573905506, 2.0002871119557097, 1.955370475689824, 1.9608148511606283, 1.9540427031989296, 1.9661551740603707, 1.9644579971179414, 1.9886247711821485, 1.9635445100430864, 1.9526316049380805], "val_acc": [0.3747, 0.4381, 0.4653, 0.4749, 0.4772, 0.4926, 0.3935, 0.4976, 0.5074, 0.5065, 0.516, 0.5066, 0.5303, 0.5357, 0.5335, 0.4799, 0.5507, 0.5291, 0.4598, 0.5044, 0.4994, 0.5051, 0.4937, 0.496, 0.4718, 0.4967, 0.5079]}}