{"LeNet5": {"train_loss": [2.1215555778503417, 2.035256012248993, 2.0033373631477356, 1.9798355269432069, 1.9576900943756104, 1.915738708972931, 1.901202853488922, 1.8880401231765747, 1.8781879942893982, 1.866868261909485, 1.843708710193634, 1.8349993822097779, 1.8289604411125182, 1.8218126541137696, 1.8171226676940917, 1.802854236793518, 1.7978631531715392, 1.794083141708374, 1.7904288575172425, 1.787420232963562, 1.7801794964790345, 1.7782405950546265, 1.7761556095123292, 1.77445094871521, 1.7725685510635376, 1.7691837542533875, 1.7680735897064208, 1.7673022188186644, 1.7663178431510926, 1.7654550768852233, 1.7636725715637207, 1.7632001026153565, 1.762833341884613, 1.7623791207313537, 1.7618503966331482, 1.7610157541275024, 1.7608016214370728, 1.7605832960128784, 1.7603203253746034, 1.7601796798706055, 1.7596869544029237, 1.759561273288727, 1.7594680959701539, 1.7593521862983703, 1.7592616230010987, 1.758984253025055], "val_loss": [2.0638131642113096, 2.0552565777263703, 2.0028433529332803, 1.9864263622143778, 1.9592171819827047, 1.9401625177730768, 1.926308382052583, 1.9233169353808077, 1.9230325164886328, 1.9136602276811203, 1.9022547612175011, 1.8981163715021299, 1.897944248141572, 1.8970395341848794, 1.8926613852619745, 1.8896417130296603, 1.8880934265855782, 1.886785153002023, 1.886817720751412, 1.8867945290221193, 1.8861153316193116, 1.8853491552340718, 1.8864335099729106, 1.8859719811156155, 1.8865495482191872, 1.8856954723120498, 1.8851615628495384, 1.8855450625617665, 1.885634783357858, 1.8859933698520113, 1.885654542392816, 1.8852162422082674, 1.8852840281142214, 1.8850163777415363, 1.8860261771625604, 1.8849457399532819, 1.885357515880475, 1.8852260440302353, 1.8849903482217758, 1.8850979275596789, 1.8851415452104026, 1.8850806860116343, 1.885139320224238, 1.8850609882951925, 1.8850448203924746, 1.8851519133717107], "val_acc": [0.3929, 0.3978, 0.4518, 0.4695, 0.4989, 0.5171, 0.5329, 0.5337, 0.5344, 0.5445, 0.5556, 0.5594, 0.5614, 0.5611, 0.5663, 0.5682, 0.5707, 0.5716, 0.5735, 0.5738, 0.5719, 0.5726, 0.5707, 0.5721, 0.57, 0.5718, 0.5713, 0.5711, 0.5718, 0.5704, 0.5707, 0.5722, 0.5718, 0.5724, 0.5726, 0.5722, 0.5724, 0.5716, 0.5728, 0.5724, 0.5721, 0.5726, 0.5717, 0.5719, 0.5721, 0.5728]}, "LeNet5_Filters": {"train_loss": [2.09766476650238, 1.9941709307670594, 1.9393164622306824, 1.9107180163383484, 1.8893189579963685, 1.8431141116142273, 1.823302310848236, 1.8084549968719483, 1.7983614478111267, 1.785738148498535, 1.7553741561889649, 1.742164116382599, 1.7341780389785766, 1.7248631346702576, 1.7174414219856262, 1.6996552017211914, 1.6937322956085206, 1.688267722606659, 1.6839104855537415, 1.6792331462860108, 1.6716200795173646, 1.6691273577690124, 1.6666189752578735, 1.66485115814209, 1.6629490710258483, 1.6598266790390015, 1.6588732654571534, 1.6577699719429015, 1.6567761788368225, 1.6557949385643005, 1.6544666517257691, 1.6540593049049377, 1.6535824682235718, 1.653128420829773, 1.6526495148658753, 1.652088943386078, 1.6518921440124512, 1.6516960689544677, 1.6514925380706786, 1.6512831731796265, 1.650993413925171, 1.6508840515136718, 1.65076898021698, 1.6506639595985413, 1.6505608036994934, 1.650400400543213, 1.6503443754196168, 1.6502913332939149, 1.6502330362319946, 1.6501794322013854, 1.6500999820709228, 1.6500731031417846], "val_loss": [2.0644017850248195, 1.9880596715421341, 1.947558366452543, 1.92492896680253, 1.8981915190577887, 1.8726368323682596, 1.8615911978121382, 1.8590548712605486, 1.8437421371380742, 1.8364919363119352, 1.8353418366977583, 1.829342879426365, 1.8241757607688538, 1.8215901562200187, 1.819518258396429, 1.8179476474420713, 1.8149708699875367, 1.816084783298139, 1.8138431211629995, 1.8131173034064687, 1.8125881082333697, 1.8128301944976417, 1.8122458061852014, 1.8116146885929778, 1.8110777330093872, 1.8105132328435636, 1.8112428984322106, 1.810356608214089, 1.809902943742161, 1.8097773352370095, 1.8097272479115203, 1.809643725617625, 1.8095247261821272, 1.8097065740500013, 1.8091188703482144, 1.809159108244192, 1.8092744019084845, 1.8091483596033944, 1.8093024625564917, 1.8090943840745919, 1.809111058140715, 1.808958748659006, 1.809051789033908, 1.8091235484558934, 1.8089930908367657, 1.8090729344005403, 1.8091518006766567, 1.809070705605772, 1.8091340388733739, 1.8090807774577278, 1.8090818667183288, 1.809096497468674], "val_acc": [0.3891, 0.4684, 0.5096, 0.5312, 0.5591, 0.5855, 0.5971, 0.6003, 0.615, 0.6222, 0.6208, 0.6299, 0.634, 0.6364, 0.6395, 0.641, 0.6428, 0.6435, 0.6437, 0.6462, 0.6449, 0.6455, 0.6471, 0.6464, 0.6472, 0.6493, 0.6466, 0.6485, 0.65, 0.6501, 0.6498, 0.6495, 0.6508, 0.6499, 0.6513, 0.651, 0.6511, 0.6506, 0.6508, 0.6523, 0.6516, 0.6512, 0.6511, 0.65, 0.6508, 0.6506, 0.6503, 0.6507, 0.6501, 0.6504, 0.6503, 0.6501]}, "LeNet5_Dropout": {"train_loss": [2.1819913989067077, 2.0775760055541994, 2.0316566906929014, 2.012082117462158, 1.990103958797455, 1.9554861300468445, 1.937886907863617, 1.9201335277557372, 1.9120464765548706, 1.9069964491844178, 1.8827259902000428, 1.8725441553115845, 1.8634238997459411, 1.8597778884887695, 1.855860401058197, 1.841998164176941, 1.8387966521263122, 1.8329557999610901, 1.8290500143051147, 1.8271050937652589, 1.8214598799705506, 1.8187229396820068, 1.8167613700866698, 1.8157933612823487, 1.8126583507537841, 1.8076071794509887, 1.809405854320526, 1.8079588084220886, 1.80606054353714, 1.8073896965026854, 1.8042300355911254, 1.8045554440498353, 1.8023141266822815, 1.8030169623374939, 1.8021605581283568, 1.8009471210479737, 1.8012981336593628, 1.8012300490379334, 1.7990808950424195, 1.8001414937019349, 1.7997434030532837, 1.8006688888549804, 1.8001043150901794, 1.7997239819526671, 1.797813144493103, 1.7988557591438294, 1.7999132801055908, 1.7988866291046142, 1.7990890256881713, 1.8005409344673158, 1.7982232949256898, 1.797224464225769, 1.7986376626014708, 1.7999946244239806, 1.7987966505050659, 1.7996314292907716, 1.7989986556053161, 1.797760708141327, 1.796764494419098, 1.7994460187911987, 1.7979945321083068, 1.7977211705207825, 1.7997318461418153, 1.7984932154655457, 1.7986595475196838, 1.7990260365486146, 1.7970876914978027, 1.7991178263664245, 1.8003596837997438, 1.7969734266281128], "val_loss": [2.0615179820563467, 2.050651128299701, 1.9731460550722604, 1.9907570947854283, 1.9906938955806697, 1.9389383511040539, 1.9198920315446946, 1.8924740838547485, 1.9017133994605213, 1.9015548335858428, 1.8728793093952507, 1.870911822913173, 1.8651239296879631, 1.8616726436554052, 1.8628081087106334, 1.8515874890092843, 1.8506469612304395, 1.8458544674772805, 1.843059342890121, 1.8421550695888531, 1.8395244511552513, 1.8358824854841629, 1.8380153346747254, 1.8364078556767667, 1.8339530419998658, 1.8346179990341869, 1.834154112270465, 1.8325369971247907, 1.832504914972348, 1.8309462097125313, 1.8312135687270485, 1.831463897190155, 1.8303634107303315, 1.830110370541533, 1.8296210857245108, 1.8298112043557457, 1.8302242161747746, 1.829558529412023, 1.8294308006573028, 1.8292800081423677, 1.8293109694228005, 1.8296318754982264, 1.829066796805531, 1.8288497825780996, 1.8291509052435049, 1.8290710487304784, 1.828738160026721, 1.8290189081868424, 1.8293899590976703, 1.828985416089384, 1.8291263336571641, 1.8289070403613983, 1.828818870428652, 1.8287089030963544, 1.8286073085979913, 1.8286964264921486, 1.8286397537103476, 1.8286398778708217, 1.828603717465751, 1.8285821714340307, 1.8286013881238505, 1.8285990157447303, 1.828597279783255, 1.8285797621114566, 1.8285784127232365, 1.8285787315033495, 1.8285925194097403, 1.8285900788566174, 1.8285978773531442, 1.828598019794915],