{"LeNet5": {"train_loss": [2.114186876678467, 2.0308263256072996, 1.9912235116958619, 1.9681933485984802, 1.9420717601776123, 1.9267823346138, 1.9115863679885865, 1.9026288077354432, 1.8910342153549193, 1.8809790768623351, 1.8741650349617005, 1.8643660508155824, 1.8612573455810546, 1.8546165802955628, 1.85172739238739, 1.848819345188141, 1.8388677370071411, 1.8339095158576966, 1.8330041704177857, 1.8290090407371522, 1.8282494050979614, 1.8212329401016236, 1.8157954463005066, 1.8148550281524658, 1.8144986309051514, 1.8130686548233033, 1.8140081393241883, 1.806036962032318, 1.805983950138092, 1.8044636112213135, 1.8017648555755614, 1.808026220703125, 1.80756414604187, 1.8034068365097047, 1.8026751442909241, 1.800076877975464, 1.8020303922653198, 1.8048835573196411, 1.8020427792549134, 1.7987534043312072, 1.8060711989402771, 1.8112023550987244, 1.8057166354179381, 1.8033623668670655, 1.801865587234497, 1.8073402029037475, 1.8103222191810608, 1.8152332739830017, 1.8118233474731444, 1.8121425992012024, 1.8068896626472473, 1.8008140113830566, 1.8151894296646118, 1.8109655738830566, 1.8101638526916504, 1.8146368384361267, 1.816931955909729, 1.8168160532951354, 1.817531266975403, 1.8212698390007018, 1.8215326245307923, 1.8262008531570435, 1.831839191532135, 1.8229763231277465, 1.8221016384124755, 1.8278660082817078, 1.8319508273124694, 1.8294274598121643, 1.8295489302635193, 1.8614501280784608, 1.8376450927734376, 1.8319856944084167, 1.844952236843109, 1.8474609066009522, 1.8556068984031677, 1.8420294954299927, 1.8446817108154296, 1.8477094531059266, 1.8465586486816405, 1.8418741119384765, 1.8493362788200378, 1.8674974568367004, 1.8690275177001954, 1.8611111758232117, 1.8758591977119445, 1.861947850704193, 1.8677722467422486, 1.861094546699524, 1.8683691699028016, 1.8554060232162475, 1.8567897459983826, 1.8599481183052062, 1.862739181804657, 1.865875933265686, 1.8737215587615967, 1.8837175890922546, 1.89179810628891, 1.881635152721405, 1.8814397256851196, 1.8915240615844726], "val_loss": [2.0615735998549782, 2.000201826278394, 1.9863161564635012, 1.956602275942842, 1.947954558335935, 1.955183266831663, 1.930423794463039, 1.9201016068077696, 1.9136947001131197, 1.9216938110205313, 1.922012189325814, 1.9152591274188349, 1.9171424045349463, 1.9193978640979852, 1.9065344219390576, 1.895541486648706, 1.8910657944389806, 1.908891798208316, 1.908973768877145, 1.9083853655348952, 1.895208258217516, 1.9079950507075643, 1.8930015579199257, 1.8945697344149264, 1.899384949915706, 1.8941857605315626, 1.8883866932445441, 1.8936694045417226, 1.8912442206574704, 1.8882951568871642, 1.8946216007391103, 1.9033934662517267, 1.8905709113556737, 1.8903676865580745, 1.8937755571767545, 1.9058363346246103, 1.886235070685609, 1.8970512658262406, 1.9010301108558338, 1.8901614240183235, 1.8899395012627014, 1.8901714109384213, 1.8876256021066977, 1.914338194143277, 1.8961101100086786, 1.8937197409498805, 1.9142239581281766, 1.9018974475586377, 1.8998566172755182, 1.8900133725553274, 1.8959581970025936, 1.9229766442752874, 1.8946542069553949, 1.9264780469595815, 1.8945753262065852, 1.9311986757924382, 1.9017415656068455, 1.901813627812809, 1.9014593617984663, 1.896129901035906, 1.9011040815530114, 1.9024564557182142, 1.9001410594001746, 1.9131675810097886, 1.9036760109301192, 1.9226478700058909, 1.9202335387373124, 1.8936673943607951, 1.9673304451159395, 1.9035863803979307, 1.9142227119531114, 1.9049324433262738, 1.9262705203443289, 1.92835008031644, 1.923346194215476, 1.9859202060455712, 1.9043046171291949, 1.8948739051057126, 1.9049021058950941, 1.9072610612113636, 1.90275000535642, 1.9120053014816187, 1.9191416117329947, 1.9251478045893173, 1.9736704437877424, 1.9373883736400177, 1.9007037500984751, 1.9258755879661145, 1.920081558699806, 1.9623231503148428, 1.903173451606458, 1.9518483778158315, 1.9527450826602242, 1.9227423766931406, 1.9178499128110111, 1.9130745604396246, 1.9182367042992443, 1.9287734637245202, 1.9157193202180223, 1.92683812985405], "val_acc": [0.3901, 0.4569, 0.4701, 0.5008, 0.5083, 0.5023, 0.5288, 0.5357, 0.5458, 0.535, 0.5347, 0.5425, 0.5405, 0.5383, 0.5529, 0.563, 0.5669, 0.5488, 0.5495, 0.55, 0.563, 0.5516, 0.5661, 0.5641, 0.5598, 0.5642, 0.5702, 0.5654, 0.5674, 0.572, 0.5647, 0.556, 0.5698, 0.5695, 0.5662, 0.5544, 0.5726, 0.5629, 0.5589, 0.5692, 0.5697, 0.5697, 0.5725, 0.5451, 0.5633, 0.5658, 0.5461, 0.5587, 0.5601, 0.5696, 0.5633, 0.537, 0.5658, 0.5342, 0.5652, 0.5285, 0.5583, 0.5589, 0.5586, 0.5642, 0.5592, 0.557, 0.5604, 0.5472, 0.5568, 0.538, 0.5407, 0.5666, 0.493, 0.557, 0.5464, 0.5554, 0.5343, 0.5325, 0.5372, 0.4747, 0.5566, 0.566, 0.5558, 0.5536, 0.5578, 0.5489, 0.5419, 0.5362, 0.4868, 0.5235, 0.56, 0.5347, 0.5408, 0.4987, 0.5574, 0.5092, 0.5084, 0.5377, 0.5432, 0.5478, 0.5427, 0.532, 0.5452, 0.534]}}