{"LeNet5": {"train_loss": [2.1231101963043213, 2.0437505165100096, 2.0133631929397584, 1.9941953219413757, 1.9761680919647218, 1.9443153793334962, 1.9302944548606873, 1.9207478518486023, 1.911959037399292, 1.901721246623993, 1.8813928537368774, 1.8729813878059387, 1.8659490921020507, 1.8588441491127015, 1.8534867277145386, 1.8406104454040528, 1.8363554097175598, 1.8325750791549682, 1.8291646131515502, 1.825880840110779, 1.819882088470459, 1.8180477782249451, 1.8159703700065613, 1.814671805381775, 1.8127836727142335, 1.8097185611724853, 1.8087819895744324, 1.8080011781692504, 1.8071526428222657, 1.8062741325378417, 1.8047898998260499, 1.8044046324729919, 1.8040061361312867, 1.803582841873169, 1.80318777551651, 1.8024619452476502, 1.8022066041946412, 1.8020483469963073, 1.8018265504837037, 1.801627757167816, 1.8012161757469176, 1.8010840490341187, 1.8010074600219728, 1.800912010860443, 1.8008037576675415, 1.8006131770133973, 1.800556005859375, 1.800508300304413, 1.8004541412353516, 1.8004080008506775], "val_loss": [2.0575393301229505, 2.020831760887902, 2.0071339679602236, 2.010319704445787, 2.0070226641889577, 1.9665895749966558, 1.9742821074141481, 1.9572847506489617, 1.9490624658596782, 1.9475816869126341, 1.9375408053778993, 1.9373448538704041, 1.9322818666220474, 1.9293935283685264, 1.9322678700041847, 1.9288426489114, 1.9279098682129345, 1.927761195185847, 1.927091550522338, 1.9323806633202794, 1.9263188473332804, 1.926999973793761, 1.9261194227602536, 1.9263968898084598, 1.9264055566665845, 1.9260804085685803, 1.926687646597719, 1.9265069058908821, 1.9261387182881657, 1.9262106928962488, 1.926740226654199, 1.9260255315433294, 1.9264801420723667, 1.9260292182715175, 1.9261300026799162, 1.926152418596676, 1.9264394479056897, 1.9262264761300132, 1.926252332739175, 1.9257951704457925, 1.9261240829674962, 1.926333257565483, 1.9260409963778413, 1.9260420844958612, 1.9260186806273536, 1.9260996778171284, 1.9261088062779972, 1.9259458646987573, 1.9260178560646959, 1.9259012335786423], "val_acc": [0.3989, 0.4352, 0.4494, 0.4433, 0.4479, 0.491, 0.4827, 0.4995, 0.5073, 0.5106, 0.519, 0.5186, 0.5229, 0.5262, 0.5235, 0.5251, 0.5293, 0.5285, 0.5287, 0.5238, 0.5314, 0.5302, 0.5303, 0.5316, 0.5308, 0.5314, 0.5311, 0.5302, 0.5311, 0.5306, 0.53, 0.5304, 0.5311, 0.5315, 0.5313, 0.5303, 0.531, 0.53, 0.5306, 0.532, 0.5304, 0.53, 0.5311, 0.5312, 0.5307, 0.531, 0.5302, 0.5315, 0.531, 0.5313], "lr_history": [0.001, 0.001, 0.001, 0.001, 0.001, 0.0005, 0.0005, 0.0005, 0.0005, 0.0005, 0.00025, 0.00025, 0.00025, 0.00025, 0.00025, 0.000125, 0.000125, 0.000125, 0.000125, 0.000125, 6.25e-05, 6.25e-05, 6.25e-05, 6.25e-05, 6.25e-05, 3.125e-05, 3.125e-05, 3.125e-05, 3.125e-05, 3.125e-05, 1.5625e-05, 1.5625e-05, 1.5625e-05, 1.5625e-05, 1.5625e-05, 7.8125e-06, 7.8125e-06, 7.8125e-06, 7.8125e-06, 7.8125e-06, 3.90625e-06, 3.90625e-06, 3.90625e-06, 3.90625e-06, 3.90625e-06, 1.953125e-06, 1.953125e-06, 1.953125e-06, 1.953125e-06, 1.953125e-06]}, "LeNet5_Filters": {"train_loss": [2.104858261489868, 1.9939093753814696, 1.9508323011398316, 1.921301819229126, 1.9053979276657105, 1.851780558681488, 1.835148440361023, 1.8184820337295533, 1.8079461174964904, 1.7935098529815674, 1.7640410953521728, 1.751971498298645, 1.7421251951217651, 1.7335689959526062, 1.7243939603805543, 1.7063914697647096, 1.6998168348312377, 1.694887562084198, 1.6895845470428468, 1.685490029335022, 1.677794844532013, 1.674720133113861, 1.6725100907325745, 1.6700717094421387, 1.6677589555740358, 1.664855100917816, 1.6637274653434753, 1.6628087535858154, 1.6617035623550416, 1.660805286026001, 1.6595400817871093, 1.659021285533905, 1.6585436323165894, 1.6580330451965333, 1.657541101551056, 1.6567771960258484, 1.656485735321045, 1.6562118636131287, 1.6559352999687196, 1.6556833200454713, 1.6553284682273866, 1.6552044082641602, 1.6550691214561462, 1.654954700946808, 1.654837366580963, 1.6546642743110658, 1.6546039652824402, 1.654541663646698, 1.654490106678009, 1.6544292392730713, 1.654337631034851, 1.6543116517066956, 1.6542801955223083, 1.654253152179718], "val_loss": [2.01660605665213, 1.9800264858209287, 1.9322314193835273, 1.9138642176271627, 1.9087669716094628, 1.8895619940072204, 1.8678927501550497, 1.8622443584588388, 1.853361692291479, 1.8372412973318617, 1.82898981883503, 1.8293184948424561, 1.8281254219932679, 1.819830385259927, 1.817458946864826, 1.812967583394279, 1.8134428197964312, 1.8084079823174035, 1.8116977557587548, 1.8071569402377827, 1.805910777740966, 1.8058875894394164, 1.8050417473521858, 1.8064497115132145, 1.8058465083186237, 1.8043791158511615, 1.80434343304497, 1.805216030190928, 1.8046907555942717, 1.8043691940581836, 1.8046087289389712, 1.8046191553719126, 1.8040555030012284, 1.803535782110196, 1.8039479804115173, 1.8035468110642112, 1.8036425608796434, 1.8035684896353334, 1.8033592990412117, 1.8033507936678754, 1.8034630423536697, 1.8032793099887836, 1.8034335409109585, 1.803172405916281, 1.8034183270634172, 1.8033514399878896, 1.803391454699702, 1.8033681304310076, 1.8033502216156299, 1.8033815538540434, 1.8032887320929822, 1.8033276529738698, 1.8032897672714137, 1.803321958730777], "val_acc": [0.4401, 0.4767, 0.5246, 0.5428, 0.5486, 0.568, 0.5896, 0.5944, 0.6052, 0.6205, 0.6306, 0.6299, 0.63, 0.6389, 0.6414, 0.6462, 0.6452, 0.6482, 0.6462, 0.6531, 0.6536, 0.6539, 0.6532, 0.6521, 0.6526, 0.6548, 0.6545, 0.6538, 0.6543, 0.654, 0.6548, 0.6543, 0.654, 0.6557, 0.6558, 0.6556, 0.656, 0.6553, 0.6556, 0.6555, 0.6555, 0.6558, 0.6566, 0.6554, 0.6554, 0.6566, 0.6565, 0.657, 0.6569, 0.6567, 0.6562, 0.6564, 0.6564, 0.6565], "lr_history": [0.001, 0.001, 0.001, 0.001, 0.001, 0.0005, 0.0005, 0.0005, 0.0005, 0.0005, 0.00025, 0.00025, 0.00025, 0.00025, 0.00025, 0.000125, 0.000125, 0.000125, 0.000125, 0.000125, 6.25e-05, 6.25e-05, 6.25e-05, 6.25e-05, 6.25e-05, 3.125e-05, 3.125e-05, 3.125e-05, 3.125e-05, 3.125e-05, 1.5625e-05, 1.5625e-05, 1.5625e-05, 1.5625e-05, 1.5625e-05, 7.8125e-06, 7.8125e-06, 7.8125e-06, 7.8125e-06, 7.8125e-06, 3.90625e-06, 3.90625e-06, 3.90625e-06, 3.90625e-06, 3.90625e-06, 1.953125e-06, 1.953125e-06, 1.953125e-06, 1.953125e-06, 1.953125e-06, 9.765625e-07, 9.765625e-07, 9.765625e-07, 9.765625e-07]}, "LeNet5_Dropout": {"train_loss": [2.2023824652671813, 2.091730536365509, 2.055673066806793, 2.0381670645713807, 2.025861190032959, 1.989796430206299, 1.974635046005249, 1.960799567604065, 1.953482767009735, 1.9428670842170714, 1.919599368572235, 1.9111131274223327, 1.9035930987358094, 1.894748277759552, 1.8905337801933288, 1.8793381456375122, 1.8754446197509766, 1.8679276368141173, 1.8642948658943177, 1.8602917985916139, 1.8566493236541748, 1.8520173572540284, 1.8489585580825805, 1.8488376253128052, 1.8473364093780518, 1.8426343923568727, 1.8399846879959108, 1.83971593542099, 1.8362665891647338, 1.8353638151168823, 1.8362031555175782, 1.8332903241157532, 1.8338837858200072, 1.832795011997223, 1.8327451017379761, 1.8324302079200745, 1.8318388416290283, 1.8341555070877076, 1.8307046931266784, 1.829082220363617, 1.8304804592132569, 1.830695124912262, 1.831594010734558, 1.8293051954269408, 1.831359266281128, 1.8286468705177308, 1.8312904770851135, 1.8300417203903199, 1.830015896511078, 1.8290329194068908, 1.8295032158851623, 1.8290573182106018, 1.8301231740951538, 1.8314238557815552, 1.8294463206291198, 1.8287794924736023, 1.8293020231246948],