{
    "CIFAR10_lenet": {
        "train_loss": [
            1.652002192401886,
            1.3896452739715577,
            1.2793544205665588,
            1.194075178861618,
            1.1276990094184876,
            1.0721874949932098,
            1.022443404006958,
            0.9780546530485154,
            0.9343031942605973,
            0.8983959229230881,
            0.8596608001708984,
            0.8248700420379639
        ],
        "train_acc": [
            0.4001,
            0.498625,
            0.543475,
            0.576075,
            0.600225,
            0.61945,
            0.6365,
            0.6512,
            0.669525,
            0.6808,
            0.694775,
            0.706375
        ],
        "val_loss": [
            1.4846991119384765,
            1.3399689817428588,
            1.2959737758636474,
            1.2335562185287476,
            1.2207716535568238,
            1.2101604944229125,
            1.2002931409835815,
            1.223231569671631,
            1.2209055730819702,
            1.2093843803405762,
            1.2440811925888062,
            1.2411338954925537
        ],
        "val_acc": [
            0.4611,
            0.5154,
            0.5411,
            0.5704,
            0.5659,
            0.5762,
            0.5828,
            0.5763,
            0.5832,
            0.5923,
            0.5894,
            0.5897
        ]
    },
    "CIFAR10_model1": {
        "train_loss": [
            1.4827915132522582,
            1.1286100377082824,
            0.9818683189153671,
            0.8679161332607269,
            0.7724406778097153,
            0.6920719435453415,
            0.6197581131339073,
            0.551773944735527,
            0.4859999243080616,
            0.4306431668996811,
            0.3900847520530224,
            0.3325192444562912
        ],
        "train_acc": [
            0.461175,
            0.5991,
            0.65175,
            0.693325,
            0.727475,
            0.755225,
            0.781275,
            0.803925,
            0.82555,
            0.84645,
            0.8611,
            0.88115
        ],
        "val_loss": [
            1.2693213808059693,
            1.0953466430664063,
            1.0566326639175414,
            0.9881709743499756,
            0.9779951642990112,
            0.9797294864654541,
            0.9756721082687378,
            1.047183929824829,
            1.1550210814476014,
            1.220277792930603,
            1.2461120603561402,
            1.3529323402404785
        ],
        "val_acc": [
            0.5453,
            0.6193,
            0.6297,
            0.654,
            0.6647,
            0.669,
            0.6761,
            0.6748,
            0.6683,
            0.6752,
            0.6655,
            0.6683
        ]
    },
    "CIFAR10_model2": {
        "train_loss": [
            1.8749925273895263,
            1.5304581259727479,
            1.3879469276905059,
            1.3029535412311555,
            1.2258556978702546,
            1.1700288259983063,
            1.1161295619487763,
            1.0763123621940613,
            1.0362852294445037,
            0.9991080236673355,
            0.9572375121116639,
            0.9319467552423477,
            0.9015427397251129,
            0.8690382442712784,
            0.8506851380109787,
            0.824328259587288,
            0.8150759015202522,
            0.7834894502639771,
            0.7646720235466957,
            0.7443015578866005,
            0.7301859761238099
        ],
        "train_acc": [
            0.2986,
            0.447875,
            0.50035,
            0.5398,
            0.569675,
            0.589075,
            0.60895,
            0.624125,
            0.640025,
            0.65135,
            0.6663,
            0.67535,
            0.685975,
            0.7032,
            0.7049,
            0.71335,
            0.71945,
            0.7268,
            0.735625,
            0.743975,
            0.749325
        ],
        "val_loss": [
            1.518658748817444,
            1.3563017490386964,
            1.226362349510193,
            1.169617974090576,
            1.1056716720581055,
            1.1087772216796874,
            1.0582808294296264,
            1.0612945251464845,
            1.0366542610168457,
            1.0146493459701538,
            1.01600843667984,
            1.06640250415802,
            1.0078338974952699,
            0.9863012471199035,
            1.0288240589141846,
            0.9805731666564942,
            0.9821976364135743,
            1.0083664501190186,
            1.013149865245819,
            1.009646772480011,
            1.0115308597564698
        ],
        "val_acc": [
            0.4552,
            0.5208,
            0.5525,
            0.5831,
            0.6074,
            0.614,
            0.6327,
            0.6285,
            0.647,
            0.6506,
            0.655,
            0.6494,
            0.6611,
            0.67,
            0.6661,
            0.6755,
            0.6734,
            0.6773,
            0.6727,
            0.6834,
            0.6772
        ]
    }
}