{"train_loss": [1.4900212346553803, 1.1445739412307738, 0.9907802429437638, 0.880413932299614, 0.7897555563211441, 0.7098337235212326, 0.6422867558598518, 0.5788430322527885, 0.519126097214222, 0.4671847863972187, 0.41934701988697054, 0.375947250983119, 0.3404557358264923, 0.2957828328073025, 0.27111266697347164, 0.2425425715982914, 0.23402117687165738, 0.20881295606940986, 0.19164180017635227, 0.18774192387536168, 0.17190480672195554, 0.16297947620861233, 0.1609677693158388, 0.1503190205682069, 0.14122302361167968, 0.13704432349633425, 0.1331492580329068, 0.13287960396260023, 0.13020397373829037, 0.11249501375956461, 0.12277295769779012, 0.12175139436554164, 0.10716571302954107, 0.10764375874539837, 0.11309111223937944, 0.10100900327572598, 0.09750905467802659, 0.11046797934109345, 0.09389190449281595, 0.09338313048686832, 0.10306640136840288, 0.08643821288470645, 0.09940936113828794, 0.09202850517843617, 0.09134412021657917, 0.0856732273893198, 0.1010548868773738, 0.07933399857687763, 0.08810447649476118, 0.0833225711534964, 0.0840109226524597, 0.08341458704232936, 0.0708261488120479, 0.08440929367037024, 0.07556438221478602, 0.08270332752668183, 0.08085390940265497, 0.06348812830194074, 0.08597328918894928, 0.07210518952019047, 0.08076977023048093, 0.06674539654225227, 0.06750300644334056, 0.06527969589004279, 0.0758872408930678, 0.05683982121415902, 0.08328239889079123, 0.06787030073215428, 0.06667434553946368, 0.07192048453665338], "train_acc": [0.456025, 0.5956, 0.650175, 0.689025, 0.72245, 0.7481, 0.773075, 0.79555, 0.814975, 0.83485, 0.84975, 0.868675, 0.878975, 0.894925, 0.90495, 0.9155, 0.917275, 0.9275, 0.9332, 0.93465, 0.939725, 0.942675, 0.943975, 0.948, 0.95235, 0.953475, 0.954475, 0.95525, 0.956325, 0.9616, 0.958375, 0.96015, 0.9634, 0.96365, 0.962825, 0.96715, 0.96775, 0.96405, 0.9688, 0.9695, 0.966925, 0.97125, 0.9678, 0.9709, 0.9708, 0.9731, 0.968125, 0.975575, 0.97215, 0.974625, 0.973925, 0.973175, 0.97715, 0.973175, 0.97665, 0.97485, 0.974425, 0.980125, 0.974575, 0.977825, 0.974875, 0.9798, 0.979725, 0.979175, 0.9774, 0.9823, 0.97475, 0.979075, 0.97975, 0.978225], "val_loss": [1.23004464635849, 1.115581849861145, 1.0586092299461365, 1.0135604307174682, 1.0423477130889893, 1.049800929927826, 0.9951598214149475, 1.0560811882019043, 1.0594731130599975, 1.1690611384391785, 1.2043891094207764, 1.3568769863128662, 1.3680783400535583, 1.483682941532135, 1.5179728805541992, 1.5719543257713318, 1.7495878526687623, 1.8717824036598205, 1.9412893178939818, 2.041645496559143, 2.0526851842880247, 2.1423867588996885, 2.155578622817993, 2.308552388763428, 2.285854634475708, 2.489303744506836, 2.5032764692306517, 2.6256026573181153, 2.493115311717987, 2.6290974628448485, 2.6512071256637575, 2.594109790802002, 2.697080960083008, 2.7350607213974, 2.6976074893951414, 2.733422865486145, 2.894973302936554, 2.8436330467224122, 2.9107320337295532, 2.869758183670044, 3.022309111404419, 3.110681499862671, 2.978535798072815, 3.0452488729476928, 3.239017417526245, 3.233476679420471, 3.2644214460372925, 3.163259899711609, 3.175741593360901, 3.2795495370864867, 3.3058847574234007, 3.152135434961319, 3.28859460773468, 3.1855823919296267, 3.2798160984039306, 3.3878681854248045, 3.3207374448776243, 3.486667547607422, 3.3643851263046263, 3.4792198270797727, 3.4104396436691284, 3.4105582447052, 3.687058236312866, 3.656749987792969, 3.588463303947449, 3.798211891937256, 3.4857936840057375, 3.7598048994064333, 3.569491815185547, 3.698437794303894], "val_acc": [0.5596, 0.6041, 0.6257, 0.6415, 0.6399, 0.6509, 0.6702, 0.6632, 0.6728, 0.6528, 0.6659, 0.6604, 0.659, 0.6471, 0.655, 0.6552, 0.6443, 0.6516, 0.6448, 0.6359, 0.6384, 0.6554, 0.6362, 0.6408, 0.6434, 0.6429, 0.6321, 0.6459, 0.6443, 0.6424, 0.6293, 0.6448, 0.6469, 0.6409, 0.6516, 0.6427, 0.6413, 0.6383, 0.6384, 0.6399, 0.6332, 0.6463, 0.6392, 0.6396, 0.6433, 0.6411, 0.6356, 0.6333, 0.6448, 0.6312, 0.6364, 0.6463, 0.6428, 0.644, 0.6465, 0.6339, 0.6426, 0.6359, 0.6359, 0.6471, 0.6436, 0.643, 0.6306, 0.6431, 0.6336, 0.6422, 0.6449, 0.6331, 0.6397, 0.6446]}