{
    "train_loss": [
        0.6934017406582832,
        0.6873728545188904,
        0.6973005070805549,
        0.6877218933582306,
        0.6932527256250381,
        0.6924031025409698,
        0.6880303816318512,
        0.689861393380165,
        0.6955363181114197,
        0.6884566346645355,
        0.6971048443198204,
        0.6902435511231423,
        0.6880753796100616,
        0.6941701450705529,
        0.6878724539756775,
        0.6877244318723679,
        0.6963684117078781,
        0.6904568847179413,
        0.6917024302959442,
        0.6909104762077332,
        0.6887003684639931,
        0.6909097108602524,
        0.6933603999495507,
        0.6927188022375107,
        0.6885798298597335,
        0.6887695634722709,
        0.6924914892911911,
        0.6910758869171143,
        0.690159728884697,
        0.6926660894989968,
        0.696016903758049,
        0.6970075713634492,
        0.6894264929294586,
        0.6873013464689255,
        0.6946424632310867,
        0.6945427422761917,
        0.692311713039875,
        0.6950668945670128,
        0.6904970882177353,
        0.6959340669631958,
        0.6922181626558304,
        0.69895916659832,
        0.6926924761295319,
        0.6907477502346039,
        0.6898255060553551,
        0.6908112436771393,
        0.693332089304924,
        0.6971781254887581,
        0.6926530653357506,
        0.694286630487442,
        0.6944265221595765,
        0.6968466127634049,
        0.6914782920598984,
        0.6861667096734047,
        0.6901471112966537,
        0.695073149907589,
        0.6913545576333999,
        0.6923021842718124,
        0.6931836988449097,
        0.6922125877141952,
        0.6919090500473977,
        0.6912377978563309,
        0.6923708547353744,
        0.692731587922573,
        0.6917493817567826,
        0.6899360966205597,
        0.6920427129507065,
        0.6879772624015809,
        0.693901795387268,
        0.6925749553203583
    ],
    "train_acc": [
        0.75935,
        0.7596,
        0.7546,
        0.758975,
        0.75725,
        0.75995,
        0.7574,
        0.759225,
        0.757575,
        0.7594,
        0.757625,
        0.757675,
        0.759275,
        0.756125,
        0.757675,
        0.760225,
        0.755675,
        0.758825,
        0.75805,
        0.760925,
        0.759075,
        0.76095,
        0.7577,
        0.759175,
        0.758375,
        0.7599,
        0.75705,
        0.75945,
        0.76045,
        0.7586,
        0.75755,
        0.75465,
        0.759925,
        0.75975,
        0.757775,
        0.7572,
        0.760075,
        0.75615,
        0.759775,
        0.757625,
        0.7569,
        0.757,
        0.757575,
        0.75465,
        0.76185,
        0.7586,
        0.756475,
        0.756375,
        0.756675,
        0.757525,
        0.7546,
        0.7568,
        0.757525,
        0.75955,
        0.759925,
        0.7583,
        0.756825,
        0.75725,
        0.759325,
        0.7577,
        0.75775,
        0.757125,
        0.757825,
        0.75745,
        0.756575,
        0.759975,
        0.758325,
        0.75945,
        0.75795,
        0.754875
    ],
    "val_loss": [
        1.0115308597564698,
        1.0115308597564698,
        1.0115308597564698,
        1.0115308597564698,
        1.0115308597564698,
        1.0115308597564698,
        1.0115308597564698,
        1.0115308597564698,
        1.0115308597564698,
        1.0115308597564698,
        1.0115308597564698,
        1.0115308597564698,
        1.0115308597564698,
        1.0115308597564698,
        1.0115308597564698,
        1.0115308597564698,
        1.0115308597564698,
        1.0115308597564698,
        1.0115308597564698,
        1.0115308597564698,
        1.0115308597564698,
        1.0115308597564698,
        1.0115308597564698,
        1.0115308597564698,
        1.0115308597564698,
        1.0115308597564698,
        1.0115308597564698,
        1.0115308597564698,
        1.0115308597564698,
        1.0115308597564698,
        1.0115308597564698,
        1.0115308597564698,
        1.0115308597564698,
        1.0115308597564698,
        1.0115308597564698,
        1.0115308597564698,
        1.0115308597564698,
        1.0115308597564698,
        1.0115308597564698,
        1.0115308597564698,
        1.0115308597564698,
        1.0115308597564698,
        1.0115308597564698,
        1.0115308597564698,
        1.0115308597564698,
        1.0115308597564698,
        1.0115308597564698,
        1.0115308597564698,
        1.0115308597564698,
        1.0115308597564698,
        1.0115308597564698,
        1.0115308597564698,
        1.0115308597564698,
        1.0115308597564698,
        1.0115308597564698,
        1.0115308597564698,
        1.0115308597564698,
        1.0115308597564698,
        1.0115308597564698,
        1.0115308597564698,
        1.0115308597564698,
        1.0115308597564698,
        1.0115308597564698,
        1.0115308597564698,
        1.0115308597564698,
        1.0115308597564698,
        1.0115308597564698,
        1.0115308597564698,
        1.0115308597564698,
        1.0115308597564698
    ],
    "val_acc": [
        0.6772,
        0.6772,
        0.6772,
        0.6772,
        0.6772,
        0.6772,
        0.6772,
        0.6772,
        0.6772,
        0.6772,
        0.6772,
        0.6772,
        0.6772,
        0.6772,
        0.6772,
        0.6772,
        0.6772,
        0.6772,
        0.6772,
        0.6772,
        0.6772,
        0.6772,
        0.6772,
        0.6772,
        0.6772,
        0.6772,
        0.6772,
        0.6772,
        0.6772,
        0.6772,
        0.6772,
        0.6772,
        0.6772,
        0.6772,
        0.6772,
        0.6772,
        0.6772,
        0.6772,
        0.6772,
        0.6772,
        0.6772,
        0.6772,
        0.6772,
        0.6772,
        0.6772,
        0.6772,
        0.6772,
        0.6772,
        0.6772,
        0.6772,
        0.6772,
        0.6772,
        0.6772,
        0.6772,
        0.6772,
        0.6772,
        0.6772,
        0.6772,
        0.6772,
        0.6772,
        0.6772,
        0.6772,
        0.6772,
        0.6772,
        0.6772,
        0.6772,
        0.6772,
        0.6772,
        0.6772,
        0.6772
    ],
    "lr_history": [
        0.001,
        0.001,
        0.001,
        0.001,
        0.001,
        0.0005,
        0.0005,
        0.0005,
        0.0005,
        0.0005,
        0.00025,
        0.00025,
        0.00025,
        0.00025,
        0.00025,
        0.000125,
        0.000125,
        0.000125,
        0.000125,
        0.000125,
        6.25e-05,
        6.25e-05,
        6.25e-05,
        6.25e-05,
        6.25e-05,
        3.125e-05,
        3.125e-05,
        3.125e-05,
        3.125e-05,
        3.125e-05,
        1.5625e-05,
        1.5625e-05,
        1.5625e-05,
        1.5625e-05,
        1.5625e-05,
        7.8125e-06,
        7.8125e-06,
        7.8125e-06,
        7.8125e-06,
        7.8125e-06,
        3.90625e-06,
        3.90625e-06,
        3.90625e-06,
        3.90625e-06,
        3.90625e-06,
        1.953125e-06,
        1.953125e-06,
        1.953125e-06,
        1.953125e-06,
        1.953125e-06,
        9.765625e-07,
        9.765625e-07,
        9.765625e-07,
        9.765625e-07,
        9.765625e-07,
        4.8828125e-07,
        4.8828125e-07,
        4.8828125e-07,
        4.8828125e-07,
        4.8828125e-07,
        2.44140625e-07,
        2.44140625e-07,
        2.44140625e-07,
        2.44140625e-07,
        2.44140625e-07,
        1.220703125e-07,
        1.220703125e-07,
        1.220703125e-07,
        1.220703125e-07,
        1.220703125e-07
    ]
}