{"train_loss": [1.5085475093364715, 1.1843421375274659, 1.0295845582962035, 0.9269886017799377, 0.8449603595256805, 0.7652966681241989, 0.6942906309485436, 0.6307297789335251, 0.5687109238505363, 0.5065899503231048, 0.4584322458744049, 0.413541157412529, 0.3620119051069021, 0.3260956735610962, 0.30601553812026977, 0.28117505660951136, 0.24519861503690482, 0.2403336577743292, 0.21392009268254042, 0.19664843215867878, 0.19192674002572893, 0.17345295341797173, 0.17145232630595564, 0.14710142698027193, 0.16180963730700315, 0.149257916376926, 0.13404823271296917, 0.14108952862862498, 0.13373557449942455, 0.13340349018126726, 0.1206584206550382, 0.13080921474061907, 0.11537958153374493, 0.11169478142857552, 0.11904255677312613, 0.1121707338694483, 0.10868691349844448, 0.10250224321652204, 0.10019953280142509, 0.11331529775029048, 0.08909377201162279, 0.09994775134683587, 0.09097871410939842, 0.10124226431581192, 0.10174413748065708, 0.09196502219208051, 0.09114735392105067, 0.09004631246326025, 0.08420083214344923, 0.09426857514206785, 0.08488302159084705, 0.09291745674500708, 0.08537047868822702, 0.07453293159859022, 0.08855632329519139, 0.07261205525544938, 0.07603515643698629, 0.07764342856000876, 0.0769265567600727, 0.07935139636043459, 0.0725591550741461, 0.07886779777310439, 0.07085307505411911, 0.08370759561811573, 0.06645599329559482, 0.07226057585770614, 0.0743542591979698, 0.07139619140920694, 0.0699923722140462, 0.07222974272189021], "train_acc": [0.450625, 0.57955, 0.63545, 0.673625, 0.70195, 0.730025, 0.755, 0.776575, 0.79755, 0.82215, 0.834875, 0.852125, 0.871575, 0.88385, 0.891425, 0.899375, 0.9125, 0.91535, 0.924925, 0.92975, 0.9327, 0.939675, 0.939925, 0.948775, 0.9449, 0.9474, 0.954025, 0.951175, 0.9541, 0.95435, 0.95905, 0.9566, 0.962275, 0.96285, 0.96145, 0.96335, 0.96485, 0.966625, 0.9666, 0.96305, 0.9706, 0.967025, 0.97045, 0.967625, 0.967475, 0.9704, 0.97045, 0.970175, 0.97375, 0.9692, 0.973775, 0.9705, 0.9736, 0.976525, 0.9722, 0.976625, 0.976625, 0.97575, 0.976525, 0.97625, 0.97745, 0.975425, 0.9783, 0.974675, 0.97925, 0.977525, 0.9777, 0.9781, 0.978125, 0.97905], "val_loss": [1.264856635284424, 1.1522480003356934, 1.0898760271072387, 1.0171203578948975, 0.9845321044921875, 0.9629228686332703, 1.0004926486968995, 1.0308437492370606, 1.0337335089683533, 1.1437459040641784, 1.1809780416488647, 1.2445916392326355, 1.3173399753570556, 1.486483158493042, 1.4830775572776795, 1.6604564089775085, 1.6896167602539063, 1.7435776224136352, 1.8599616839408875, 1.989487092399597, 2.02053087887764, 2.1486716888427733, 2.053982555580139, 2.2796494075775144, 2.2380267586708067, 2.418251014137268, 2.46581939868927, 2.475143361759186, 2.5533330104827883, 2.5596062154769896, 2.6976497911453245, 2.474713315010071, 2.703070522117615, 2.7528378684997556, 2.6627662061691284, 2.6716931257247927, 2.705059585571289, 2.8621757438659667, 2.9576227856636046, 2.849471154785156, 3.0252423698425295, 3.054560111618042, 3.1927586936950685, 3.001254362297058, 3.0338647674560546, 3.1609470552444456, 3.0958746885299684, 3.163985557556152, 3.2446804805755614, 3.2351142311096193, 3.257492870903015, 3.225804951095581, 3.2788395668029784, 3.3824858047485353, 3.267870429420471, 3.3731978656768797, 3.304902946281433, 3.469096327018738, 3.543876655578613, 3.5731392553329466, 3.4933267942428587, 3.4995625509262087, 3.538395697402954, 3.644158577346802, 3.5323370460510253, 3.780000418663025, 3.4495980571746827, 3.534156856918335, 3.595029043006897, 3.586581559753418], "val_acc": [0.546, 0.5902, 0.6172, 0.6414, 0.6548, 0.6692, 0.6666, 0.6689, 0.6624, 0.6598, 0.6586, 0.6589, 0.6558, 0.6506, 0.657, 0.6495, 0.6561, 0.6509, 0.6491, 0.6415, 0.6434, 0.6472, 0.6479, 0.6441, 0.6509, 0.6404, 0.6345, 0.6457, 0.6324, 0.6509, 0.6431, 0.6496, 0.6439, 0.6514, 0.6443, 0.6471, 0.6453, 0.6392, 0.6473, 0.6475, 0.6421, 0.6371, 0.64, 0.6451, 0.6346, 0.6501, 0.6468, 0.6414, 0.6453, 0.6469, 0.6367, 0.6434, 0.64, 0.6397, 0.6482, 0.6428, 0.6512, 0.6514, 0.6434, 0.6466, 0.6447, 0.6482, 0.6469, 0.6346, 0.6486, 0.6434, 0.6442, 0.647, 0.6441, 0.6485]}