{"train_loss": [1.5280855011463166, 1.1601451236248017, 1.0153150090694427, 0.9040033912181854, 0.8185564631938934, 0.7402637117147446, 0.6688041640877723, 0.6051354759812355, 0.5414601496100425, 0.4854887908577919, 0.4382789864182472, 0.3889172293841839, 0.34396190660446885, 0.30397089775502684, 0.28048107680529355, 0.2559883248999715, 0.24057344801798464, 0.21012732040435075, 0.19528938119262457, 0.18724884522557259, 0.17826228723376988, 0.17586508529298006, 0.16716990808974952, 0.1557419051507488, 0.13898925752229987, 0.1445046468321234, 0.1323225719699636, 0.13458436456918715, 0.12052700094170868, 0.13308445187583565, 0.11821646300982684, 0.1194086966553703, 0.12504518331051803, 0.1067831627361942, 0.0980529616650194, 0.10719726798853371, 0.1094789513381198, 0.10227943364444654, 0.09634903024830856, 0.10297645287122577, 0.08947621882581153, 0.10515196661027149, 0.0923966478619841, 0.09337529295184649, 0.09734297127564205, 0.08259794079388957, 0.09367920699333772, 0.08819754809990991, 0.07434934880228247, 0.09592267791414634, 0.08077463648127159, 0.08993399915382033, 0.07584623328682501, 0.07841922090378357, 0.08941517129467393, 0.07301237886142917, 0.09069718838838162, 0.0683310624678852, 0.06164064788145479, 0.07688525513314526, 0.07143144891147095, 0.08526300976962665, 0.0672537899182178, 0.07638446387196891, 0.06556303826865041, 0.07541842287399049, 0.07229815196613781, 0.06805163266600575, 0.06808137028864295, 0.0682675986202783], "train_acc": [0.445125, 0.587125, 0.64115, 0.683525, 0.713375, 0.74195, 0.7676, 0.786775, 0.808625, 0.82975, 0.84435, 0.8631, 0.87865, 0.893, 0.90075, 0.909875, 0.9148, 0.926725, 0.93165, 0.93505, 0.938575, 0.938675, 0.942675, 0.946, 0.952825, 0.9512, 0.9554, 0.955075, 0.958575, 0.955925, 0.959375, 0.960175, 0.95965, 0.96435, 0.9669, 0.964725, 0.9643, 0.966725, 0.96845, 0.9665, 0.97015, 0.966325, 0.96935, 0.9703, 0.96905, 0.973625, 0.97035, 0.971975, 0.9755, 0.969425, 0.97495, 0.972475, 0.9755, 0.975125, 0.9733, 0.9769, 0.971875, 0.978275, 0.97925, 0.97655, 0.978225, 0.97425, 0.97815, 0.97625, 0.9796, 0.976675, 0.978675, 0.979475, 0.979175, 0.97995], "val_loss": [1.2769252775192261, 1.1150513273239135, 1.098941102218628, 1.0210195251464844, 1.0191798095703124, 0.9827781629562378, 1.032235948085785, 1.0446713272094728, 1.1002303515434264, 1.1583980968475343, 1.1717296674728395, 1.2425431845664978, 1.4041276628494264, 1.4625491273880005, 1.5376530959129333, 1.5260791711807251, 1.6435879741668702, 1.7689261882781981, 1.9536998991012573, 1.9613230726242066, 1.9153882379531861, 2.112731309700012, 2.2060533170700074, 2.3037244869232176, 2.2812434869766234, 2.3768161529541016, 2.449296504402161, 2.3982537437438967, 2.5518079120635986, 2.501492991065979, 2.800268783378601, 2.6896213439941405, 2.674511130332947, 2.776184030342102, 2.6962182645797728, 2.798625673484802, 2.784515870285034, 2.862702838516235, 3.00732898979187, 3.0208194780349733, 3.016988558959961, 2.958895920944214, 3.0473601512908934, 2.987318357467651, 3.0423914585113527, 3.1399656326293943, 3.1608874364852904, 3.313021987533569, 3.2210122524261475, 3.164321781921387, 3.4501924116134646, 3.2386762689590456, 3.362585514831543, 3.357797719192505, 3.31122141456604, 3.3909467205047608, 3.2993678564071653, 3.530756158065796, 3.476640182876587, 3.3568881309509275, 3.5640240758895874, 3.3629465953826903, 3.454478805732727, 3.532763999557495, 3.6483644847869874, 3.468314085006714, 3.567206495285034, 3.4765147413253783, 3.885617850112915, 3.7320363636016847], "val_acc": [0.5411, 0.6056, 0.6166, 0.6485, 0.6473, 0.6654, 0.6687, 0.6708, 0.6645, 0.6614, 0.67, 0.6692, 0.6499, 0.6533, 0.6476, 0.6687, 0.6612, 0.6529, 0.6537, 0.6458, 0.6534, 0.6423, 0.6412, 0.6476, 0.6535, 0.6437, 0.6451, 0.6527, 0.6484, 0.6367, 0.6555, 0.6547, 0.6485, 0.6421, 0.6505, 0.6414, 0.6472, 0.6449, 0.6511, 0.6475, 0.649, 0.6435, 0.6437, 0.655, 0.6482, 0.654, 0.6514, 0.6412, 0.6477, 0.65, 0.639, 0.651, 0.6475, 0.6522, 0.6517, 0.6354, 0.6453, 0.6453, 0.6513, 0.6509, 0.6431, 0.6487, 0.6571, 0.6443, 0.6455, 0.6537, 0.6402, 0.6424, 0.6413, 0.6472]}