{"train_loss": [1.4511224656581878, 1.1120025831222533, 0.9492024379491806, 0.827009474349022, 0.7347306479692459, 0.6457653109550476, 0.5704830860376358, 0.4962696361660957, 0.42627457278370856, 0.3707563095390797, 0.32922243786454203, 0.2852751781448722, 0.2575216723240912, 0.22469107587412, 0.21661972050517797, 0.192807509714365, 0.18475308832600712, 0.1598938695818186, 0.15830165847875177, 0.14772508449554445, 0.14462390525192023, 0.13803183969045058, 0.13506013771463185, 0.119078360501118, 0.1251299335239455, 0.12131283512730151, 0.111656275317166, 0.10783293963456526, 0.12055023386864923, 0.0916957444681786, 0.10080622163759545, 0.10501065707774833, 0.10557952189585194, 0.0887557997844764, 0.09260989398416132, 0.0971024692223291, 0.09473370620557107, 0.08575682740455959, 0.07525234923594398, 0.09355460151513108, 0.08083176261347252, 0.08352681420804002, 0.0757984638512251, 0.09155159485470503, 0.07680461535560898, 0.07911327253710479, 0.07890738303388352, 0.06906559861893766, 0.076353092687577, 0.06740490448563359, 0.07904601734147072, 0.06043436177197145, 0.08007906174475939, 0.06736232357152622, 0.07089193611444207, 0.06406543254734716, 0.06933414129114245, 0.07101891989380238, 0.0647821492604533, 0.06493482764026266, 0.06522544079927174, 0.06161671414524026, 0.06856949540121132, 0.06557115860294434, 0.05609398371350253, 0.0679199474881083, 0.053350759005027795, 0.06433886901492807, 0.057749097738100684, 0.06374381287899741], "train_acc": [0.47585, 0.6081, 0.66585, 0.708475, 0.74245, 0.77465, 0.79985, 0.8234, 0.84865, 0.86905, 0.88295, 0.89805, 0.909775, 0.92025, 0.92325, 0.932375, 0.935625, 0.944325, 0.9454, 0.948825, 0.950275, 0.952025, 0.954225, 0.959275, 0.958425, 0.95995, 0.961525, 0.96375, 0.95965, 0.968475, 0.9671, 0.96595, 0.966275, 0.971675, 0.969275, 0.96925, 0.969325, 0.972425, 0.976725, 0.970025, 0.974425, 0.973975, 0.976275, 0.972375, 0.976275, 0.97475, 0.975825, 0.9791, 0.97605, 0.977775, 0.9757, 0.981675, 0.97555, 0.9795, 0.97905, 0.980725, 0.97865, 0.978975, 0.9804, 0.98005, 0.98085, 0.980625, 0.97945, 0.9803, 0.983075, 0.97975, 0.983775, 0.981225, 0.982775, 0.9808], "val_loss": [1.2124583061218261, 1.091093706703186, 1.0134507850646972, 0.9949572766304016, 1.0364279792785644, 0.9867006752967834, 1.0130693279266358, 1.100819179725647, 1.2160503827095033, 1.3094442650794982, 1.2784637431144714, 1.444282916021347, 1.4952285173416138, 1.6005192152023315, 1.6722295278549195, 1.853951404953003, 1.8644341525077819, 1.9382011341094971, 2.0721748286247252, 2.2450393558502197, 2.145560430908203, 2.1846492385864256, 2.1417813142776487, 2.38774721660614, 2.4633363204956056, 2.3960114423751833, 2.459602953338623, 2.730276465034485, 2.6724098123550415, 2.706642989349365, 2.758836660385132, 2.961795987129211, 2.5482181171417237, 2.8710957939147947, 2.872548211288452, 2.8733504817008972, 2.880117540359497, 2.918783494758606, 3.123394549560547, 2.9467510715484617, 3.0027377265930175, 2.8925899005889892, 3.1683784217834474, 3.1512230125427245, 3.1743708528518675, 3.2957267515182496, 3.1359812740325927, 3.1488240911483762, 3.114309509468079, 3.4896350734710695, 3.100026077270508, 3.2478826265335083, 3.2556246614456175, 3.2843024963378906, 3.164004686164856, 3.4225024894714355, 3.407425636672974, 3.283398126602173, 3.2899523495674132, 3.536371640777588, 3.366347819137573, 3.7037986415863036, 3.5254186613082887, 3.5595578536987307, 3.5958626487731933, 3.457052078437805, 3.707116758728027, 3.4700550170898437, 3.5268460485458375, 3.6611137941360474], "val_acc": [0.5709, 0.6181, 0.6535, 0.6638, 0.6524, 0.679, 0.6812, 0.6585, 0.6679, 0.665, 0.6737, 0.6691, 0.6698, 0.6661, 0.6601, 0.6592, 0.6644, 0.6621, 0.6612, 0.6554, 0.6572, 0.6668, 0.6578, 0.6627, 0.6576, 0.6508, 0.6523, 0.6328, 0.6528, 0.6513, 0.6467, 0.6429, 0.6633, 0.6432, 0.6578, 0.6514, 0.643, 0.6552, 0.6502, 0.6538, 0.6597, 0.6597, 0.6554, 0.6488, 0.6478, 0.6547, 0.6577, 0.6515, 0.6575, 0.6494, 0.6594, 0.6485, 0.6507, 0.6535, 0.6531, 0.6531, 0.6602, 0.658, 0.6563, 0.661, 0.6623, 0.6406, 0.6591, 0.661, 0.652, 0.6558, 0.6573, 0.6605, 0.6631, 0.6532]}