{
    "train_loss": [
        1.8866111387252809,
        1.5129890396118164,
        1.363369150829315,
        1.2713301228523255,
        1.1980821372032167,
        1.0763160782814025,
        1.0293933089017868,
        0.9842900452613831,
        0.9523652258634567,
        0.9210079196691513,
        0.8487323502540588,
        0.8224245804786682,
        0.7980024413347244,
        0.7762433099985123,
        0.7603276756763458,
        0.7153256325006485,
        0.6993356315612793,
        0.687564326786995,
        0.6783573333859444,
        0.6636270005106926,
        0.6421785277366638,
        0.6329965589284897,
        0.6284115686535835,
        0.6249157005786896,
        0.6142073827028275,
        0.6082614077210426,
        0.604851369047165,
        0.5961141656517982,
        0.5960487092375756,
        0.5981012452602387,
        0.5867080211043357,
        0.5893717871665954,
        0.5876014714479446,
        0.5896828001379967,
        0.5807834022879601,
        0.577092093372345,
        0.5753031628370285,
        0.5759687131881713,
        0.5720082211852073,
        0.5708307860612869,
        0.5700338806748391,
        0.5739849339962005,
        0.5695321117043495,
        0.5722462076902389,
        0.5722005751013756,
        0.5726802469611167,
        0.5731002991557121,
        0.5712726820230484,
        0.5665243218183518,
        0.5707704801797867,
        0.5738376501083374,
        0.5719679439902305,
        0.5702361430287362,
        0.5665565348982811,
        0.5655718430399894,
        0.5695055340051651,
        0.5665088792920112,
        0.5677926954269409,
        0.5671950654506683,
        0.5663665933728218,
        0.5651198390841484,
        0.5643897736907005,
        0.5644175018548966,
        0.5731875044703484,
        0.5691554897069931,
        0.5700312694072723,
        0.5656684004783631,
        0.5641071219682694,
        0.5707701775550842,
        0.570019022846222
    ],
    "train_acc": [
        0.28945,
        0.450675,
        0.515025,
        0.555225,
        0.57835,
        0.62475,
        0.6436,
        0.65905,
        0.670425,
        0.680875,
        0.7058,
        0.71435,
        0.724275,
        0.7305,
        0.73405,
        0.7489,
        0.756775,
        0.758075,
        0.764125,
        0.768475,
        0.777025,
        0.7801,
        0.781075,
        0.781675,
        0.78625,
        0.787025,
        0.786975,
        0.789975,
        0.7919,
        0.79255,
        0.794525,
        0.794925,
        0.79345,
        0.7954,
        0.79735,
        0.801575,
        0.79775,
        0.799025,
        0.7982,
        0.803875,
        0.8005,
        0.801025,
        0.8017,
        0.800075,
        0.799625,
        0.800425,
        0.802225,
        0.801525,
        0.8031,
        0.80195,
        0.8004,
        0.801325,
        0.8006,
        0.80255,
        0.8043,
        0.80095,
        0.801775,
        0.800575,
        0.80235,
        0.804825,
        0.8039,
        0.803625,
        0.802375,
        0.802225,
        0.80245,
        0.800675,
        0.801725,
        0.803725,
        0.8014,
        0.801625
    ],
    "val_loss": [
        1.517570400428772,
        1.2895042739868163,
        1.182823434638977,
        1.12947712726593,
        1.1285379653930665,
        1.0592454343795776,
        0.9969022422790528,
        0.9946182430267334,
        0.9835365842819214,
        0.9808649722099304,
        0.961014748096466,
        0.9433012223243713,
        0.9764549598693848,
        0.9795493609428406,
        0.9543835920333862,
        0.9427984770774841,
        0.9524601316452026,
        0.9642704622268676,
        0.9639153931617737,
        0.9699367839813232,
        0.9723606279373169,
        0.9808280893325806,
        0.9804639536857604,
        0.9813166375160217,
        0.9850971348762512,
        0.985141826725006,
        0.988245220375061,
        0.9874123093605042,
        0.9918402229309082,
        0.992583713054657,
        0.9976190754890442,
        0.9945901715278626,
        0.9952641777038574,
        0.9972695271492005,
        0.9991051690101623,
        1.0004170736312865,
        1.00391083984375,
        1.0027180939674378,
        1.0012235103607179,
        1.0015501804351807,
        1.002082474040985,
        1.0035670790672302,
        1.0046716786384582,
        1.0034891059875488,
        1.0040096663475038,
        1.0047671425819398,
        1.0048698998451233,
        1.0051724270820617,
        1.0050036958694457,
        1.0057133147239685,
        1.0058019894599914,
        1.0052740818023682,
        1.0053841856002808,
        1.0057794156074524,
        1.0060034629821777,
        1.0057989744186402,
        1.0059154019355774,
        1.005965961933136,
        1.0061728507995606,
        1.0064307600021363,
        1.0064205177307128,
        1.0063583582878113,
        1.0063021933555603,
        1.0063592844963074,
        1.0064265057563782,
        1.006410321521759,
        1.006433486175537,
        1.0064290575027466,
        1.0064494000434876,
        1.006439026927948
    ],
    "val_acc": [
        0.4333,
        0.5273,
        0.5786,
        0.6084,
        0.5953,
        0.6308,
        0.6509,
        0.6599,
        0.6643,
        0.6631,
        0.6737,
        0.6782,
        0.6745,
        0.676,
        0.6883,
        0.6939,
        0.6949,
        0.6894,
        0.6915,
        0.6919,
        0.6918,
        0.6918,
        0.6933,
        0.6937,
        0.6934,
        0.6954,
        0.6951,
        0.6926,
        0.6954,
        0.6932,
        0.6947,
        0.6957,
        0.6949,
        0.6944,
        0.6971,
        0.6949,
        0.6953,
        0.6946,
        0.694,
        0.6942,
        0.6951,
        0.6959,
        0.695,
        0.6957,
        0.6942,
        0.6964,
        0.6953,
        0.6956,
        0.6951,
        0.6949,
        0.6953,
        0.6953,
        0.6952,
        0.6951,
        0.6952,
        0.695,
        0.6953,
        0.6953,
        0.6957,
        0.6959,
        0.6957,
        0.6959,
        0.6959,
        0.696,
        0.6962,
        0.6962,
        0.6963,
        0.6964,
        0.696,
        0.6961
    ],
    "lr_history": [
        0.001,
        0.001,
        0.001,
        0.001,
        0.001,
        0.0005,
        0.0005,
        0.0005,
        0.0005,
        0.0005,
        0.00025,
        0.00025,
        0.00025,
        0.00025,
        0.00025,
        0.000125,
        0.000125,
        0.000125,
        0.000125,
        0.000125,
        6.25e-05,
        6.25e-05,
        6.25e-05,
        6.25e-05,
        6.25e-05,
        3.125e-05,
        3.125e-05,
        3.125e-05,
        3.125e-05,
        3.125e-05,
        1.5625e-05,
        1.5625e-05,
        1.5625e-05,
        1.5625e-05,
        1.5625e-05,
        7.8125e-06,
        7.8125e-06,
        7.8125e-06,
        7.8125e-06,
        7.8125e-06,
        3.90625e-06,
        3.90625e-06,
        3.90625e-06,
        3.90625e-06,
        3.90625e-06,
        1.953125e-06,
        1.953125e-06,
        1.953125e-06,
        1.953125e-06,
        1.953125e-06,
        9.765625e-07,
        9.765625e-07,
        9.765625e-07,
        9.765625e-07,
        9.765625e-07,
        4.8828125e-07,
        4.8828125e-07,
        4.8828125e-07,
        4.8828125e-07,
        4.8828125e-07,
        2.44140625e-07,
        2.44140625e-07,
        2.44140625e-07,
        2.44140625e-07,
        2.44140625e-07,
        1.220703125e-07,
        1.220703125e-07,
        1.220703125e-07,
        1.220703125e-07,
        1.220703125e-07
    ]
}