{"train_loss": [1.5116835233211516, 1.1531247756004332, 0.9983880821704865, 0.8890154748678207, 0.7961040872335434, 0.715041900920868, 0.6398536064147949, 0.5766602331280708, 0.5034786038041115, 0.4481415147960186, 0.3989847602576017, 0.3548290552139282, 0.32109225898385046, 0.27811382930874823, 0.24608923966288568, 0.23321779240444301, 0.21863232139050962, 0.19241083267107606, 0.17813749700188636, 0.17166146081089972, 0.16475988182071596, 0.1537311654444784, 0.15005130664873867, 0.14152495825756342, 0.1345840607119724, 0.13287698797741904, 0.12332268696979154, 0.12542167503722013, 0.11618611812922172, 0.12123336260160432, 0.11551024047569372, 0.10889896001946181, 0.11151695790942759, 0.10915292279548011, 0.09948088833233341, 0.10014391860268079, 0.09760472268741578, 0.09966958309942857, 0.09883627785916906, 0.08932432075205725, 0.0954548926233314, 0.09245090701259906, 0.08638514770896873, 0.08331608370038449, 0.08258724574936205, 0.09213683144489769, 0.07892787593085086, 0.08839350926486077, 0.08299306409551063, 0.07690646407278837, 0.08549638422716525, 0.07345760227741557, 0.08197362725085114, 0.07064419889827842, 0.08581245284451942, 0.072982528472587, 0.07897468966165906, 0.07230209120559739, 0.06535150460174191, 0.06508759584455402, 0.07842846351278714, 0.07023257608384884, 0.06716400657862541, 0.069656815038473, 0.07483280312853749, 0.07105599274839042, 0.062471351635054455, 0.0704604016147612, 0.05833691908808396, 0.06886293827206828], "train_acc": [0.45105, 0.593325, 0.6489, 0.68725, 0.7227, 0.748025, 0.77465, 0.79785, 0.82475, 0.8417, 0.859375, 0.875625, 0.886125, 0.901275, 0.9135, 0.917325, 0.924775, 0.931725, 0.9379, 0.94025, 0.942875, 0.9472, 0.9479, 0.950775, 0.95375, 0.955225, 0.9585, 0.957875, 0.9608, 0.959575, 0.962075, 0.964025, 0.96245, 0.964575, 0.966325, 0.967325, 0.96925, 0.9676, 0.967575, 0.972, 0.969875, 0.96955, 0.9719, 0.97375, 0.97385, 0.970725, 0.974975, 0.971875, 0.97275, 0.975025, 0.973475, 0.976825, 0.97515, 0.977725, 0.973775, 0.975975, 0.975075, 0.977525, 0.979925, 0.979325, 0.974775, 0.97885, 0.9791, 0.98005, 0.977925, 0.978875, 0.981575, 0.978775, 0.98205, 0.980325], "val_loss": [1.2433782375335694, 1.0571019330978393, 1.0190376466751099, 0.9726155742645264, 1.0122590230941773, 0.9690751462936401, 1.0289017724990845, 1.0400667362213134, 1.1227589577674866, 1.1726708364486695, 1.2034653512954712, 1.3049651582717896, 1.3873399642944335, 1.5312936124801635, 1.6359033107757568, 1.6781966628074645, 1.8191509450912475, 1.9116256729125976, 2.0454590973854065, 2.077051395988464, 2.1153753467559815, 2.1471300358772276, 2.350925528049469, 2.2606488761901855, 2.3641431421279906, 2.4716690779685973, 2.509071205711365, 2.530217226600647, 2.6741347818374632, 2.6570883117675783, 2.762089189529419, 2.683532805633545, 2.766780221939087, 2.911325471782684, 2.8737874543190003, 2.9690222534179687, 2.8264568864822386, 3.134759192085266, 3.096798526573181, 2.941504418754578, 3.1098393474578856, 3.1843138967514037, 3.188502318572998, 3.3448194526672363, 3.1943916000366213, 3.2050828075408937, 3.2819505069732666, 3.238341243171692, 3.419162557220459, 3.3611472593307496, 3.442613774871826, 3.331122424125671, 3.41654625415802, 3.405660134124756, 3.421503850364685, 3.425700442123413, 3.5956282526016237, 3.499443754863739, 3.464080505180359, 3.651997234344482, 3.5473420516967775, 3.6421678001403808, 3.5750878360748293, 3.378101441478729, 3.7752875160217285, 3.714111849975586, 3.8374032236099245, 3.6588163177490234, 3.7711085327148437, 3.8257113599777224], "val_acc": [0.5494, 0.6239, 0.6403, 0.6617, 0.6546, 0.6679, 0.6512, 0.67, 0.6583, 0.6633, 0.6645, 0.6653, 0.6576, 0.6495, 0.6546, 0.6522, 0.6407, 0.6594, 0.65, 0.6543, 0.6516, 0.6572, 0.6461, 0.6513, 0.6476, 0.6391, 0.6527, 0.645, 0.6364, 0.6459, 0.6373, 0.6477, 0.6324, 0.6445, 0.6459, 0.6418, 0.6404, 0.6372, 0.6388, 0.6431, 0.6448, 0.6476, 0.6422, 0.6284, 0.6351, 0.6458, 0.6427, 0.6371, 0.6389, 0.6477, 0.6331, 0.647, 0.6446, 0.6418, 0.6348, 0.644, 0.6416, 0.6429, 0.6439, 0.6382, 0.649, 0.6445, 0.6457, 0.6455, 0.632, 0.645, 0.6401, 0.6409, 0.6459, 0.6395]}