{"train_loss": [1.5431686688423156, 1.207650857782364, 1.0415566395044327, 0.9338288175582886, 0.8440734781503677, 0.7703578613758088, 0.709269616830349, 0.6477193318367004, 0.5890824924707413, 0.5368504206717014, 0.4944354070186615, 0.4413410768866539, 0.39807137389183045, 0.3571612775862217, 0.3297219417154789, 0.29957030839323995, 0.2735360006421804, 0.24233028563857079, 0.22622479498237372, 0.2133406349092722, 0.19372593596875667, 0.18739515459537506, 0.17253831517808138, 0.16782585201263428, 0.1644066645357758, 0.14460993413235992, 0.1510236405370757, 0.14165473092440517, 0.13578574603181331, 0.13872549744490534, 0.1320652848144993, 0.11664850469231605, 0.12207043774859049, 0.11472110532773659, 0.10729041345454753, 0.11568949792357161, 0.0983088583980687, 0.11424544693809002, 0.09992236156447325, 0.10177724510096013, 0.10547486687726342, 0.09749812918305396, 0.10433375774202869, 0.08135642525997246, 0.0974986657415051, 0.09951959614770022, 0.0768535191928735, 0.08413719355699141, 0.09815316888289526, 0.08738516222180333, 0.07604779330268502, 0.0883736214862438, 0.08510590891279281, 0.08259309385068482, 0.07682197262012633, 0.08907947682479862, 0.07319835042119957, 0.08257933470309944, 0.07291916201039567, 0.07779140953526949, 0.08038522801030194, 0.0707068587081565, 0.06917190149117959, 0.07499726020183298, 0.07182826588866884, 0.07116847204372752, 0.07242576048739138, 0.06300940262354561, 0.0670378030801774, 0.0661508216965507], "train_acc": [0.4346, 0.571225, 0.630825, 0.671675, 0.703875, 0.7289, 0.749625, 0.769375, 0.791275, 0.80905, 0.82645, 0.8436, 0.858425, 0.872, 0.884175, 0.8953, 0.90265, 0.91435, 0.92085, 0.9254, 0.9303, 0.9337, 0.939575, 0.9418, 0.94225, 0.949175, 0.9479, 0.95125, 0.9539, 0.95425, 0.955425, 0.960575, 0.9578, 0.96145, 0.96385, 0.9614, 0.96765, 0.963175, 0.967675, 0.9679, 0.9651, 0.9688, 0.966, 0.9728, 0.968425, 0.96815, 0.974475, 0.973025, 0.968, 0.9725, 0.97585, 0.971675, 0.9736, 0.97395, 0.9762, 0.97355, 0.9773, 0.973425, 0.976925, 0.9762, 0.976125, 0.977375, 0.977925, 0.97695, 0.97755, 0.977475, 0.978125, 0.980025, 0.979325, 0.97925], "val_loss": [1.4440174125671388, 1.1282377443313598, 1.0770349781036377, 1.0198180379867554, 1.0121115913391114, 1.0048497011184692, 1.0039610295295716, 1.066548665046692, 1.102887618637085, 1.1177340044975281, 1.1260254147529603, 1.1962505125045777, 1.3281053642272949, 1.5023970010757446, 1.4412085830688477, 1.4883608761787415, 1.646466017150879, 1.627985097694397, 1.7118290398597718, 1.8336875997543336, 1.989384048271179, 2.113577512550354, 2.1481543365478517, 2.195321414375305, 2.2912109298706054, 2.2518483337402344, 2.3943264738082886, 2.358246852493286, 2.277690945148468, 2.5538438274383544, 2.5147246488571167, 2.643603584861755, 2.6403325832366944, 2.773793249130249, 2.777398063659668, 2.9806859535217285, 2.953383913612366, 2.9012174152374266, 2.9112182662963866, 2.915786213493347, 2.957399441719055, 3.0358026044845583, 3.1394840646743774, 3.2220934871673585, 2.940535342979431, 3.1578327327728273, 3.2827198398590087, 3.408954758834839, 3.323935041618347, 3.2662736627578735, 3.243673539352417, 3.389018017578125, 3.259301188468933, 3.4594593467712405, 3.4073174489974978, 3.3064370544433594, 3.3199401691436767, 3.480237946510315, 3.448835461807251, 3.5531443923950197, 3.344737406253815, 3.4665942087173462, 3.508442066192627, 3.7617442001342773, 3.6190516441345215, 3.7606550243377685, 3.6744372402191163, 3.6552286958694458, 3.703318733215332, 3.7571917078018187], "val_acc": [0.4867, 0.5964, 0.6214, 0.6396, 0.6439, 0.6532, 0.6608, 0.649, 0.6513, 0.6574, 0.6642, 0.6638, 0.6606, 0.6439, 0.6516, 0.6627, 0.6438, 0.66, 0.6514, 0.6565, 0.6564, 0.6406, 0.6494, 0.6464, 0.6411, 0.6459, 0.6423, 0.6463, 0.6441, 0.6403, 0.6424, 0.6477, 0.6386, 0.6348, 0.6499, 0.6468, 0.6434, 0.6377, 0.6408, 0.6445, 0.6464, 0.6456, 0.6352, 0.6357, 0.6452, 0.6391, 0.6353, 0.6434, 0.6242, 0.6497, 0.6489, 0.6398, 0.6464, 0.6314, 0.6406, 0.6436, 0.6394, 0.6453, 0.6421, 0.6463, 0.637, 0.6357, 0.6454, 0.6373, 0.6426, 0.6318, 0.6336, 0.6363, 0.6416, 0.6467]}