{"train_loss": [1.5678641458034515, 1.2047368953227997, 1.048796184158325, 0.9445912648200989, 0.8667165986776352, 0.7867138609647751, 0.7206613342046738, 0.6534480664253235, 0.5919848371982575, 0.541710290145874, 0.48057886846065523, 0.4325289230287075, 0.38539476146101953, 0.3421404396981001, 0.30624522864222525, 0.2800954751521349, 0.2508734489902854, 0.223180466863513, 0.20452767803817987, 0.19726335102468728, 0.18045967841371893, 0.17100396997556092, 0.16292999038137496, 0.1510791286483407, 0.15376264433935286, 0.13617681988552213, 0.14513921677432953, 0.12533162140343337, 0.13344020965453238, 0.12546262902766467, 0.12253596670199185, 0.11061671335874125, 0.12171892065114807, 0.10221361325215549, 0.11811896501053125, 0.0979455228894949, 0.11133339773602784, 0.0987965491070412, 0.1030490839395672, 0.08838520930130035, 0.10695293693530838, 0.0921391070162179, 0.0913749107492622, 0.09656743125418434, 0.07989032941558398, 0.08681606110435677, 0.09200652353237383, 0.08862918369115796, 0.08258097195362206, 0.08730010601540562, 0.07968227553670294, 0.0804016709858086, 0.07974094436458545, 0.07998325439182226, 0.0785985024530557, 0.07743777874938677, 0.07602379402705702, 0.09181795833331999, 0.0650202250169008, 0.0788208811636956, 0.07243108144024155, 0.07811553079168662, 0.07679263097615913, 0.06537838161045802, 0.07680601332989755, 0.05677828353708319, 0.0725350344759965, 0.0713723365551792, 0.06938071549329906, 0.0705620034057356], "train_acc": [0.4251, 0.569125, 0.6292, 0.665625, 0.692875, 0.7224, 0.74445, 0.76905, 0.7902, 0.8097, 0.831825, 0.84845, 0.8637, 0.8801, 0.891975, 0.9028, 0.911375, 0.92235, 0.927925, 0.930075, 0.93725, 0.940925, 0.94485, 0.947325, 0.9477, 0.954, 0.950575, 0.958175, 0.9555, 0.959675, 0.9592, 0.964275, 0.95955, 0.9666, 0.9619, 0.967825, 0.963375, 0.968725, 0.966525, 0.96975, 0.965075, 0.970175, 0.9701, 0.968625, 0.974375, 0.972675, 0.970825, 0.972925, 0.973675, 0.972125, 0.9751, 0.976325, 0.97435, 0.975325, 0.9755, 0.97575, 0.9769, 0.9726, 0.97985, 0.975875, 0.977, 0.976425, 0.9764, 0.978875, 0.97685, 0.982925, 0.978675, 0.9783, 0.9784, 0.9792], "val_loss": [1.3122560632705689, 1.1744878414154052, 1.1764643489837647, 1.0382994176864624, 1.0200040689468384, 1.0350554184913636, 1.0063523356437682, 1.049331635093689, 1.0845904967308044, 1.1117322924613953, 1.161171349811554, 1.2785459432601929, 1.3555489033699035, 1.418223785686493, 1.5741781679153442, 1.6104832785606384, 1.6793800714492797, 1.867831520652771, 1.9302845869064331, 2.1030128665924073, 2.095834608745575, 2.1668318502426147, 2.1929004776000975, 2.269648914527893, 2.4209860704421997, 2.633262780284882, 2.5234257806777953, 2.526226376724243, 2.6686487007141113, 2.5902705574035645, 2.843851179122925, 2.8434475545883178, 2.7797321002960205, 3.1536833549499512, 2.961021157836914, 2.9472069061279296, 3.0735676681518553, 3.162611764907837, 3.1938113468170166, 3.212690253829956, 3.3560263436317443, 3.1469408933639524, 3.2120073417663573, 3.1004078422546386, 3.437450642967224, 3.462592280578613, 3.1383219284057615, 3.450749267196655, 3.440125533294678, 3.4999634479522705, 3.3902676713943483, 3.553214563369751, 3.6359499210357664, 3.597759910583496, 3.579432950592041, 3.5802100505828856, 3.7401934341430665, 3.538260288619995, 3.671690929031372, 3.639362889099121, 3.707544231414795, 3.6500493774414062, 3.725626268386841, 3.6826784854888914, 3.7780927152633668, 3.91843130569458, 4.022256105422974, 3.7899366107940673, 3.702107474899292, 3.7936044136047364], "val_acc": [0.5387, 0.5892, 0.5986, 0.636, 0.6485, 0.6492, 0.6577, 0.657, 0.6617, 0.661, 0.6676, 0.6478, 0.6537, 0.6573, 0.6487, 0.6399, 0.6466, 0.6325, 0.6416, 0.62, 0.6436, 0.642, 0.6288, 0.6398, 0.632, 0.6183, 0.6403, 0.6368, 0.6393, 0.6436, 0.6387, 0.6311, 0.6397, 0.6252, 0.6386, 0.6363, 0.6325, 0.6308, 0.6303, 0.6338, 0.6358, 0.6361, 0.6331, 0.6318, 0.6217, 0.6283, 0.6408, 0.6295, 0.6305, 0.6338, 0.6334, 0.6232, 0.6202, 0.6308, 0.6422, 0.6377, 0.6315, 0.6368, 0.6347, 0.6291, 0.6348, 0.6292, 0.6197, 0.6439, 0.6317, 0.623, 0.6268, 0.6312, 0.6332, 0.6304]}