{
    "train_loss": [
        0.3430154577642679,
        0.33805634542405605,
        0.3401505503356457,
        0.33911343035399916,
        0.3413169141858816,
        0.34650537875294685,
        0.33399805474281313,
        0.34348928149044516,
        0.3412096529185772,
        0.3452240926384926,
        0.3422552982091904,
        0.3357763459831476,
        0.3402015078693628,
        0.34482238830924034,
        0.3381660383015871,
        0.3374252228111029,
        0.3445763712704182,
        0.3412002820909023,
        0.33674662225246427,
        0.3425183362901211,
        0.3423359781295061,
        0.33761055474728346,
        0.3343524659186602,
        0.3414466699063778,
        0.34085229749679563,
        0.34711643417477606,
        0.3381156390726566,
        0.3410555874556303,
        0.34614715077281,
        0.33839638516306875,
        0.3420362440019846,
        0.3399677021831274,
        0.33644453442692757,
        0.3369823236823082,
        0.3374045919626951,
        0.34027291347384453,
        0.3409216040492058,
        0.33726825121343135,
        0.34484364576935767,
        0.340661387860775,
        0.3363147666051984,
        0.3387509231030941,
        0.3426056776404381,
        0.34152044415473937,
        0.33821024252176285,
        0.34145189098715784,
        0.3392004802107811,
        0.3380853379309177,
        0.3414842727124691,
        0.34138908738195894,
        0.3407080953717232,
        0.3395808671116829,
        0.3378269233375788,
        0.3393803608030081,
        0.34061458404064177,
        0.34156962544173003,
        0.3394095659017563,
        0.33738292567133904,
        0.3424218180373311,
        0.33536455412507055,
        0.3407850771278143,
        0.33542123534679413,
        0.33946544237285853,
        0.34308594851493834,
        0.3403299961835146,
        0.3457492704063654,
        0.3400557076632977,
        0.3410382886171341,
        0.34464647022485734,
        0.3439512460947037
    ],
    "train_acc": [
        0.883925,
        0.8857,
        0.88545,
        0.886275,
        0.884125,
        0.8837,
        0.8866,
        0.884475,
        0.88535,
        0.8832,
        0.882975,
        0.885775,
        0.88595,
        0.8837,
        0.88735,
        0.885175,
        0.8836,
        0.885225,
        0.8867,
        0.883275,
        0.88385,
        0.885775,
        0.887,
        0.884925,
        0.884375,
        0.8836,
        0.884225,
        0.883475,
        0.88245,
        0.88595,
        0.882875,
        0.884525,
        0.886875,
        0.886875,
        0.887025,
        0.884525,
        0.8841,
        0.88505,
        0.882725,
        0.8841,
        0.886425,
        0.885,
        0.882975,
        0.88495,
        0.885675,
        0.884175,
        0.886125,
        0.885075,
        0.8835,
        0.885275,
        0.883375,
        0.884975,
        0.887075,
        0.8848,
        0.8845,
        0.88365,
        0.885375,
        0.88625,
        0.884075,
        0.88655,
        0.88515,
        0.8845,
        0.886875,
        0.88405,
        0.8856,
        0.882925,
        0.885075,
        0.8855,
        0.882925,
        0.883875
    ],
    "val_loss": [
        1.5422798664093018,
        1.5422798664093018,
        1.5422798664093018,
        1.5422798664093018,
        1.5422798664093018,
        1.5422798664093018,
        1.5422798664093018,
        1.5422798664093018,
        1.5422798664093018,
        1.5422798664093018,
        1.5422798664093018,
        1.5422798664093018,
        1.5422798664093018,
        1.5422798664093018,
        1.5422798664093018,
        1.5422798664093018,
        1.5422798664093018,
        1.5422798664093018,
        1.5422798664093018,
        1.5422798664093018,
        1.5422798664093018,
        1.5422798664093018,
        1.5422798664093018,
        1.5422798664093018,
        1.5422798664093018,
        1.5422798664093018,
        1.5422798664093018,
        1.5422798664093018,
        1.5422798664093018,
        1.5422798664093018,
        1.5422798664093018,
        1.5422798664093018,
        1.5422798664093018,
        1.5422798664093018,
        1.5422798664093018,
        1.5422798664093018,
        1.5422798664093018,
        1.5422798664093018,
        1.5422798664093018,
        1.5422798664093018,
        1.5422798664093018,
        1.5422798664093018,
        1.5422798664093018,
        1.5422798664093018,
        1.5422798664093018,
        1.5422798664093018,
        1.5422798664093018,
        1.5422798664093018,
        1.5422798664093018,
        1.5422798664093018,
        1.5422798664093018,
        1.5422798664093018,
        1.5422798664093018,
        1.5422798664093018,
        1.5422798664093018,
        1.5422798664093018,
        1.5422798664093018,
        1.5422798664093018,
        1.5422798664093018,
        1.5422798664093018,
        1.5422798664093018,
        1.5422798664093018,
        1.5422798664093018,
        1.5422798664093018,
        1.5422798664093018,
        1.5422798664093018,
        1.5422798664093018,
        1.5422798664093018,
        1.5422798664093018,
        1.5422798664093018
    ],
    "val_acc": [
        0.6838,
        0.6838,
        0.6838,
        0.6838,
        0.6838,
        0.6838,
        0.6838,
        0.6838,
        0.6838,
        0.6838,
        0.6838,
        0.6838,
        0.6838,
        0.6838,
        0.6838,
        0.6838,
        0.6838,
        0.6838,
        0.6838,
        0.6838,
        0.6838,
        0.6838,
        0.6838,
        0.6838,
        0.6838,
        0.6838,
        0.6838,
        0.6838,
        0.6838,
        0.6838,
        0.6838,
        0.6838,
        0.6838,
        0.6838,
        0.6838,
        0.6838,
        0.6838,
        0.6838,
        0.6838,
        0.6838,
        0.6838,
        0.6838,
        0.6838,
        0.6838,
        0.6838,
        0.6838,
        0.6838,
        0.6838,
        0.6838,
        0.6838,
        0.6838,
        0.6838,
        0.6838,
        0.6838,
        0.6838,
        0.6838,
        0.6838,
        0.6838,
        0.6838,
        0.6838,
        0.6838,
        0.6838,
        0.6838,
        0.6838,
        0.6838,
        0.6838,
        0.6838,
        0.6838,
        0.6838,
        0.6838
    ],
    "lr_history": [
        0.001,
        0.001,
        0.001,
        0.001,
        0.001,
        0.0005,
        0.0005,
        0.0005,
        0.0005,
        0.0005,
        0.00025,
        0.00025,
        0.00025,
        0.00025,
        0.00025,
        0.000125,
        0.000125,
        0.000125,
        0.000125,
        0.000125,
        6.25e-05,
        6.25e-05,
        6.25e-05,
        6.25e-05,
        6.25e-05,
        3.125e-05,
        3.125e-05,
        3.125e-05,
        3.125e-05,
        3.125e-05,
        1.5625e-05,
        1.5625e-05,
        1.5625e-05,
        1.5625e-05,
        1.5625e-05,
        7.8125e-06,
        7.8125e-06,
        7.8125e-06,
        7.8125e-06,
        7.8125e-06,
        3.90625e-06,
        3.90625e-06,
        3.90625e-06,
        3.90625e-06,
        3.90625e-06,
        1.953125e-06,
        1.953125e-06,
        1.953125e-06,
        1.953125e-06,
        1.953125e-06,
        9.765625e-07,
        9.765625e-07,
        9.765625e-07,
        9.765625e-07,
        9.765625e-07,
        4.8828125e-07,
        4.8828125e-07,
        4.8828125e-07,
        4.8828125e-07,
        4.8828125e-07,
        2.44140625e-07,
        2.44140625e-07,
        2.44140625e-07,
        2.44140625e-07,
        2.44140625e-07,
        1.220703125e-07,
        1.220703125e-07,
        1.220703125e-07,
        1.220703125e-07,
        1.220703125e-07
    ]
}