{
    "train_loss": [
        1.8970072471618653,
        1.538748837184906,
        1.3889364968776703,
        1.3055770013809205,
        1.2225635185718537,
        1.1633080558300017,
        1.1133700543403626,
        1.0739935417652131,
        1.0377614662885666,
        0.9933002143383026,
        0.9632331502437591,
        0.9395563237428665,
        0.9012057152032852,
        0.8828475748777389,
        0.8642318413257599,
        0.8399804065704346,
        0.8093135900974273,
        0.7944202255010605,
        0.7818467478513718,
        0.7610664912223816,
        0.7509769914388656,
        0.7289787655830383,
        0.7142069923877716,
        0.6991902197122574,
        0.6874523670434952,
        0.6662114060640335,
        0.6697128895640373,
        0.6517279760599136,
        0.6412187240719796,
        0.6296949872493743,
        0.6078627272844315,
        0.60508100669384,
        0.6019641245245934,
        0.5830124909758568,
        0.5806339488863945,
        0.5675963534832,
        0.5603334329247475,
        0.5585055727720261,
        0.5532830857217312,
        0.5296365703821182,
        0.5433713023781777,
        0.5262737651705742,
        0.513992074906826,
        0.5058228317677975,
        0.5048611315906048,
        0.5001019862771034,
        0.4974667707443237,
        0.49542915016412736,
        0.48622202105522155,
        0.4787045864462853,
        0.4746265593409538,
        0.47022031998038294,
        0.4701520113885403,
        0.4576194576323032,
        0.44797014713287353,
        0.45085784723162653,
        0.45289253405332563,
        0.43760090993046763,
        0.4365045838236809,
        0.4346287883579731,
        0.433568602591753,
        0.4331934957802296,
        0.42510013827085497,
        0.42602003500461577,
        0.41531780003905294,
        0.4145353806197643,
        0.40614068083167076,
        0.4070899308107793,
        0.41152357463538647,
        0.4125389989256859
    ],
    "train_acc": [
        0.2945,
        0.44425,
        0.50995,
        0.54125,
        0.57225,
        0.597125,
        0.613125,
        0.630125,
        0.641325,
        0.657925,
        0.66965,
        0.678075,
        0.689225,
        0.696575,
        0.7008,
        0.71105,
        0.720525,
        0.72655,
        0.73185,
        0.735,
        0.744125,
        0.748025,
        0.75295,
        0.75925,
        0.762725,
        0.76915,
        0.76845,
        0.773675,
        0.7778,
        0.78435,
        0.787925,
        0.7913,
        0.7903,
        0.79515,
        0.7995,
        0.803375,
        0.80715,
        0.807025,
        0.8091,
        0.814625,
        0.812675,
        0.820075,
        0.81945,
        0.823125,
        0.8265,
        0.82405,
        0.825825,
        0.8288,
        0.8328,
        0.833025,
        0.836425,
        0.836225,
        0.839475,
        0.8407,
        0.844775,
        0.843725,
        0.8438,
        0.847575,
        0.850875,
        0.850525,
        0.85065,
        0.852325,
        0.85245,
        0.8548,
        0.857625,
        0.8578,
        0.861425,
        0.861125,
        0.860425,
        0.859525
    ],
    "val_loss": [
        1.5449157657623291,
        1.2977736103057862,
        1.227282751083374,
        1.182236867904663,
        1.1413798501968384,
        1.123656547355652,
        1.067568458557129,
        1.0926751508712769,
        1.0564936996459962,
        1.0116008491516113,
        1.010802400779724,
        0.99818256149292,
        1.015648722076416,
        0.9821667562484742,
        1.0016131405830384,
        0.9974723358154297,
        0.9724816314697265,
        0.9837347905158996,
        1.0041718477249146,
        1.0121626174926759,
        1.0516712713241576,
        1.0206162126541138,
        0.9975839354515076,
        1.0124353998184203,
        1.0716509850502014,
        1.122842894935608,
        1.0632651432037354,
        1.1324006326675415,
        1.0931381231307984,
        1.1131807255744934,
        1.1223958525657654,
        1.1407224106788636,
        1.1469569771766663,
        1.1212878317832946,
        1.141239710998535,
        1.1362029623031615,
        1.172352513217926,
        1.184124035358429,
        1.14426588306427,
        1.2260191595077514,
        1.215892352437973,
        1.2514602823257446,
        1.2041905784606934,
        1.2885989334106445,
        1.2687638195991515,
        1.2703502930641175,
        1.2791979170799255,
        1.3165479586601256,
        1.3520814205169678,
        1.3562659258842469,
        1.3210667575836181,
        1.3178218849182128,
        1.3520548971176147,
        1.3537439680099488,
        1.446619093608856,
        1.3811314940452575,
        1.4523355976104737,
        1.469232354259491,
        1.448503484916687,
        1.4118117638587953,
        1.4578689477920532,
        1.516403745174408,
        1.4375367786407471,
        1.4994050992965697,
        1.5413574159622192,
        1.5919234274864196,
        1.4929140433311463,
        1.545562533760071,
        1.5448287085533141,
        1.512840919780731
    ],
    "val_acc": [
        0.4125,
        0.5317,
        0.5678,
        0.5793,
        0.6019,
        0.6106,
        0.629,
        0.6289,
        0.6336,
        0.6519,
        0.658,
        0.6619,
        0.6532,
        0.6741,
        0.6672,
        0.6707,
        0.6754,
        0.677,
        0.6756,
        0.6834,
        0.6688,
        0.6757,
        0.6829,
        0.6849,
        0.6806,
        0.6729,
        0.672,
        0.664,
        0.6788,
        0.6774,
        0.6755,
        0.6771,
        0.6725,
        0.6762,
        0.6806,
        0.6843,
        0.6854,
        0.682,
        0.6833,
        0.6762,
        0.6854,
        0.6802,
        0.6828,
        0.6841,
        0.685,
        0.6842,
        0.6851,
        0.6735,
        0.6771,
        0.6748,
        0.68,
        0.6702,
        0.6716,
        0.6848,
        0.6817,
        0.6763,
        0.6743,
        0.6814,
        0.6766,
        0.6798,
        0.6773,
        0.6798,
        0.6809,
        0.6694,
        0.6768,
        0.6867,
        0.675,
        0.6716,
        0.6792,
        0.6794
    ],
    "lr_history": [
        0.001,
        0.001,
        0.001,
        0.001,
        0.001,
        0.001,
        0.001,
        0.001,
        0.001,
        0.001,
        0.001,
        0.001,
        0.001,
        0.001,
        0.001,
        0.001,
        0.001,
        0.001,
        0.001,
        0.001,
        0.001,
        0.001,
        0.001,
        0.001,
        0.001,
        0.001,
        0.001,
        0.001,
        0.001,
        0.001,
        0.001,
        0.001,
        0.001,
        0.001,
        0.001,
        0.001,
        0.001,
        0.001,
        0.001,
        0.001,
        0.001,
        0.001,
        0.001,
        0.001,
        0.001,
        0.001,
        0.001,
        0.001,
        0.001,
        0.001,
        0.001,
        0.001,
        0.001,
        0.001,
        0.001,
        0.001,
        0.001,
        0.001,
        0.001,
        0.001,
        0.001,
        0.001,
        0.001,
        0.001,
        0.001,
        0.001,
        0.001,
        0.001,
        0.001,
        0.001
    ]
}