{"train_loss": [1.5080264133930206, 1.1564579842567444, 0.9976672400951385, 0.8851810873508453, 0.7854537611961365, 0.7090913240432739, 0.6384626654744148, 0.5661393355846405, 0.5047335861802101, 0.4442109168171883, 0.3927829130232334, 0.34663807440698147, 0.31394106715917586, 0.27017278116047383, 0.24679501694887876, 0.2275630539432168, 0.20233310773968696, 0.19709776650164276, 0.18359564092233777, 0.163077786706388, 0.14805027732774614, 0.17054041264988481, 0.14058457618970424, 0.13908455034047365, 0.12546374407298863, 0.13076952600646763, 0.12736828414793128, 0.11737972603496163, 0.1243050493770279, 0.1173947503507603, 0.10987052867533639, 0.102388251933828, 0.10362468497850932, 0.10556698590153828, 0.1010344811277464, 0.10382955667246133, 0.09097644899521255, 0.08968964924570173, 0.0976792935853824, 0.09771321446043439, 0.0829188139436068, 0.09389632456977852, 0.09054476291553583, 0.08948162620877848, 0.08120926313961391, 0.08450008451824542, 0.0822651901410427, 0.08789168320956524, 0.07745389436411206, 0.0693655674964597, 0.08822670183760346, 0.07747763366117143, 0.0756284674415656, 0.07439131875046005, 0.06457016613034648, 0.07525466570048593, 0.08026371398960473, 0.06233453458129661, 0.0712215190935589, 0.07559159353177092, 0.061132363726952466, 0.0745121591148476, 0.07112297796200728, 0.06685369420505595, 0.06899434219661925, 0.06500180246707168, 0.06858117373813875, 0.06704475954650843, 0.05944965246140782, 0.0655425843764846], "train_acc": [0.447925, 0.590475, 0.6505, 0.6876, 0.72165, 0.7524, 0.773825, 0.798925, 0.82085, 0.843975, 0.859575, 0.87835, 0.88885, 0.90565, 0.91315, 0.920275, 0.928175, 0.931025, 0.936075, 0.945075, 0.9487, 0.9414, 0.95165, 0.951425, 0.9572, 0.955375, 0.957975, 0.9604, 0.95875, 0.960325, 0.963725, 0.9648, 0.9654, 0.9657, 0.96745, 0.9664, 0.96985, 0.970575, 0.96785, 0.968225, 0.97395, 0.971025, 0.972075, 0.9725, 0.9738, 0.973425, 0.972975, 0.972525, 0.975075, 0.977175, 0.972175, 0.97475, 0.97665, 0.9767, 0.980175, 0.97565, 0.975475, 0.9801, 0.9771, 0.976, 0.98125, 0.977975, 0.97825, 0.979975, 0.97895, 0.981275, 0.978925, 0.980025, 0.981775, 0.9803], "val_loss": [1.3065909404754639, 1.1268663118362428, 1.0953726928710938, 1.0316966352462769, 0.9826263721466064, 1.0090102066993714, 1.0907419179916382, 1.006226678943634, 1.119728457069397, 1.1175421197891235, 1.1624795135498047, 1.279701305294037, 1.4167161445617675, 1.4531249813079834, 1.6600090629577637, 1.6993604954719543, 1.760460664176941, 2.0365108638763427, 1.8947023720741272, 2.1420725917816164, 2.043158152961731, 2.154181831359863, 2.2556687116622927, 2.3026177574157716, 2.4337751985549927, 2.515280617904663, 2.501195551109314, 2.586473356628418, 2.704685303115845, 2.6655547672271727, 2.6251439847946165, 2.777691128921509, 2.7728932380676268, 2.810558434677124, 2.7337750303268433, 2.798739338874817, 2.9450357280731203, 3.1567952014923097, 3.193690288543701, 3.027717778491974, 3.074198522758484, 3.051785835838318, 3.166917553329468, 3.0002322429656982, 3.1643860549926757, 3.2896873851776123, 3.2633380659103395, 3.067445034599304, 3.2846994358062744, 3.38182612991333, 3.516717837142944, 3.446638381385803, 3.4809522941589357, 3.5678712896347045, 3.448848090171814, 3.4870523532867432, 3.324587790489197, 3.730618871307373, 3.586031669425964, 3.5788475730895994, 3.511234910392761, 3.7390122089385986, 3.5021054622650145, 3.6362014614105225, 3.6437393529891966, 3.924101598739624, 3.7501958744049073, 3.884365774154663, 3.7592118127822878, 3.9257172355651857], "val_acc": [0.5313, 0.6002, 0.6137, 0.6401, 0.6626, 0.6632, 0.6474, 0.6805, 0.6641, 0.6805, 0.6761, 0.6711, 0.6454, 0.6657, 0.6558, 0.6576, 0.6636, 0.644, 0.6524, 0.6529, 0.6584, 0.6571, 0.6541, 0.6519, 0.6517, 0.6306, 0.6473, 0.6395, 0.6482, 0.6571, 0.648, 0.649, 0.6531, 0.6573, 0.6476, 0.6516, 0.645, 0.6408, 0.6352, 0.6548, 0.6454, 0.6478, 0.6419, 0.6481, 0.6505, 0.6448, 0.6431, 0.6412, 0.648, 0.6464, 0.6475, 0.6493, 0.6454, 0.6413, 0.6413, 0.6471, 0.6479, 0.6385, 0.6445, 0.6487, 0.642, 0.6435, 0.6488, 0.6449, 0.6423, 0.6468, 0.6456, 0.6387, 0.6436, 0.6277]}