{"train_loss": [1.5536445672035217, 1.1821679131031035, 1.0252262787818909, 0.9175138794660568, 0.8353064283132553, 0.7502915729045868, 0.6715029012560845, 0.6068054149627685, 0.5451033363699913, 0.48657048984766005, 0.4355486304402351, 0.3845092277407646, 0.34767019180059433, 0.3167412902146578, 0.2788399763643742, 0.2709593499362469, 0.238403130120039, 0.21728084455132485, 0.2020891375668347, 0.19032207867503168, 0.18276108770109714, 0.16933192114084958, 0.15585027600955217, 0.15762535061184316, 0.15091176098342984, 0.13827992985788734, 0.13621037961049007, 0.13929322143122555, 0.12072885899599642, 0.1339068498538807, 0.1149890840569511, 0.12044276043679565, 0.11707652728017419, 0.10610572265051306, 0.11962025405466556, 0.0990400439498946, 0.1107315150352195, 0.10348428675532341, 0.10329630221494007, 0.10838234049659222, 0.09926821378096938, 0.09316895211818628, 0.09667019304493442, 0.09337011537060608, 0.09092622942258603, 0.08831150642666034, 0.09196428007287905, 0.0837872003391385, 0.08413896820822266, 0.10137846452266676, 0.08281780790097545, 0.08526367337233387, 0.08766492891197558, 0.07397258282024413, 0.0829025127470377, 0.07257159726945683, 0.07567686336151673, 0.08192936378992163, 0.08079387624064985, 0.06649875398353615, 0.0876398341211665, 0.06997189210198121, 0.08219961485648236, 0.06316058514756441, 0.08196159899361664, 0.07160129591713194, 0.07507682425817475, 0.06858709806975094, 0.07123897390073107, 0.06790792584813898], "train_acc": [0.43695, 0.5802, 0.640075, 0.676525, 0.705525, 0.735975, 0.7625, 0.7843, 0.805825, 0.826725, 0.8457, 0.8637, 0.8774, 0.889, 0.901025, 0.9035, 0.916675, 0.923375, 0.9282, 0.93225, 0.935575, 0.9406, 0.94585, 0.945425, 0.94745, 0.952225, 0.9533, 0.952375, 0.958975, 0.95495, 0.96165, 0.960025, 0.96125, 0.96415, 0.95995, 0.96725, 0.96395, 0.966325, 0.965825, 0.965175, 0.968025, 0.969325, 0.968675, 0.970325, 0.971775, 0.971425, 0.971175, 0.9719, 0.973475, 0.968675, 0.974275, 0.97365, 0.973175, 0.97695, 0.97385, 0.976325, 0.97585, 0.974725, 0.97435, 0.978575, 0.972675, 0.979425, 0.974975, 0.980425, 0.974575, 0.979275, 0.977875, 0.9784, 0.978825, 0.98085], "val_loss": [1.2924487951278687, 1.1254569549560547, 1.077525519180298, 1.0119601919174195, 0.9815347087860108, 1.0016390056610107, 0.9856836231231689, 1.0742780029296874, 1.1204733751296998, 1.166541519832611, 1.2450625783920288, 1.2414415832519532, 1.3973425857543946, 1.4993493106842042, 1.5837979822158814, 1.6610511306762696, 1.66746757478714, 1.8745275671958923, 2.035502449798584, 2.033533272743225, 2.082802250671387, 2.1368745072364805, 2.2428538955688477, 2.3281800731658935, 2.372730478477478, 2.5306438924789427, 2.6460743236541746, 2.6034716020584106, 2.736556531906128, 2.682888797569275, 2.7217159284591674, 2.9216063610076906, 2.7620065921783445, 2.932135239601135, 3.0208322862625123, 2.987279804801941, 2.8845843868255616, 3.074091791152954, 3.21842480506897, 2.9921560968399046, 3.199104846382141, 3.194427344894409, 3.3062454166412354, 3.3627149879455565, 3.2189477268218996, 3.412836102294922, 3.5090122543334963, 3.587948684120178, 3.450542597579956, 3.4365472688674927, 3.5418413967132567, 3.5025304512023925, 3.4361453350067137, 3.400756850242615, 3.5037821331977845, 3.591998611831665, 3.728969934082031, 3.5094767793655395, 3.5393236289978027, 3.866490592956543, 3.780502495574951, 3.749654801940918, 3.619410413455963, 4.0296890239715575, 4.1717611576080325, 3.7536917647361756, 3.728205860900879, 4.074714538192749, 3.860136100769043, 3.8906625553131104], "val_acc": [0.5354, 0.5964, 0.6216, 0.6517, 0.6632, 0.6566, 0.6696, 0.6589, 0.6634, 0.6672, 0.6595, 0.6597, 0.6477, 0.6582, 0.6529, 0.6511, 0.6507, 0.6512, 0.6366, 0.6443, 0.6489, 0.6394, 0.6498, 0.6425, 0.6445, 0.6372, 0.6432, 0.64, 0.632, 0.6375, 0.6411, 0.6315, 0.6376, 0.6286, 0.6416, 0.6409, 0.6345, 0.6425, 0.6372, 0.646, 0.6425, 0.6367, 0.6273, 0.6427, 0.6416, 0.6408, 0.6246, 0.6309, 0.6445, 0.632, 0.6363, 0.6266, 0.6366, 0.6451, 0.6364, 0.6383, 0.6343, 0.6425, 0.641, 0.6327, 0.6362, 0.6321, 0.6405, 0.6309, 0.6147, 0.6398, 0.6355, 0.629, 0.6456, 0.6321]}