{"train_loss": [1.5188270884513855, 1.170955416727066, 1.0190681899785996, 0.9140002442121505, 0.8250587899684906, 0.7423127197265625, 0.6664372265934945, 0.5917619968533516, 0.5319449855685234, 0.47334866567850115, 0.4231953901052475, 0.3738723376512528, 0.32288272301256654, 0.29370214043557646, 0.2599780445337296, 0.23009880990386009, 0.21366686998456716, 0.20090401838719846, 0.1758759578630328, 0.1644717798486352, 0.15504307061098516, 0.15780197992175818, 0.1378629539448768, 0.13711329470388592, 0.13908324972093106, 0.12074919568910264, 0.1339349552792497, 0.11975944010857492, 0.10512900697775185, 0.128048336493643, 0.10592646752642468, 0.10695610992917791, 0.10317187352259644, 0.1024879321217537, 0.10499412806215697, 0.09121301498678513, 0.08586443690108135, 0.10651697030107025, 0.0931005132411141, 0.08561586908570025, 0.09375036000548861, 0.08818385320857633, 0.08071764176017605, 0.08187233199477195, 0.08537182634104974, 0.07702674394778442, 0.08649733800222166, 0.07604711234392598, 0.07687627128292224, 0.07846536992976907, 0.07678154267211212, 0.07458515276836697, 0.07617500189233106, 0.07613961306407582, 0.06946062253597192, 0.07196012535541668, 0.06690278271889546, 0.08147188468984096, 0.06370818683594698, 0.07401171898530447, 0.064083849244687, 0.07119620881625015, 0.06928262946809992, 0.06824926674361487, 0.062271850906082546, 0.07592338388327917, 0.05727883239641087, 0.06669096211759606, 0.06616917675823206, 0.057846548509044804], "train_acc": [0.4499, 0.584325, 0.641825, 0.677025, 0.711675, 0.73715, 0.7652, 0.7913, 0.810075, 0.833025, 0.85, 0.868025, 0.885825, 0.8966, 0.909, 0.9204, 0.925125, 0.929475, 0.939075, 0.94335, 0.946275, 0.9463, 0.953525, 0.953325, 0.9519, 0.958825, 0.95445, 0.9602, 0.96515, 0.9585, 0.9644, 0.9655, 0.96585, 0.9664, 0.966625, 0.970425, 0.971575, 0.965725, 0.9705, 0.97215, 0.97005, 0.972575, 0.9751, 0.973675, 0.9732, 0.975225, 0.972425, 0.974975, 0.975825, 0.975375, 0.9763, 0.978, 0.976975, 0.97585, 0.97845, 0.978, 0.979025, 0.975975, 0.980025, 0.9775, 0.980275, 0.97825, 0.979375, 0.979775, 0.981, 0.97825, 0.98235, 0.980325, 0.980875, 0.982375], "val_loss": [1.276762282180786, 1.1006463535308837, 1.0410043252944947, 1.0802148975372314, 1.0188521780014037, 0.9977497605323792, 1.045785860347748, 1.0544200253486633, 1.1153289432525635, 1.2326301332473755, 1.2160322994232178, 1.3010005870819092, 1.3535703045845031, 1.480817235660553, 1.5757279760360718, 1.6316202021598816, 1.7653247476577758, 1.773561002922058, 1.8882832452774048, 2.0259072687149047, 2.2137911626815794, 2.163586862564087, 2.2608468240737913, 2.4361014207839964, 2.255980529212952, 2.4917710298538207, 2.4451306764602663, 2.555250872898102, 2.5383205221176146, 2.6129624408721925, 2.69735787820816, 2.733294079399109, 2.781310256719589, 2.854419863700867, 2.729060344219208, 2.9944622241020205, 2.9122786144256594, 3.166316726112366, 2.9803151569366455, 3.0351808897018433, 2.855018695640564, 2.91242594165802, 3.0419627645492553, 3.08452059211731, 3.1301607357025145, 3.3284680294036866, 3.1189176700592043, 3.2184244489669798, 3.2510813879013063, 3.3296222841262817, 3.1781142782211305, 3.2890919010162354, 3.2889238214492797, 3.301058038043976, 3.3977974891662597, 3.344449112701416, 3.540835967731476, 3.5085840166091917, 3.7002945251464845, 3.5995008924484253, 3.557156824302673, 3.578851476287842, 3.4990366567611693, 3.6521860218048094, 3.6152287965774534, 3.5913813194274904, 3.700051934623718, 3.5711185064315796, 3.5589581075668333, 3.7957127746582033], "val_acc": [0.544, 0.6074, 0.6336, 0.6261, 0.6485, 0.663, 0.6512, 0.6645, 0.6524, 0.6494, 0.6565, 0.6507, 0.655, 0.6456, 0.6493, 0.6539, 0.6533, 0.6548, 0.6502, 0.6529, 0.6555, 0.6432, 0.6415, 0.6361, 0.6579, 0.6396, 0.6391, 0.6454, 0.636, 0.6419, 0.6414, 0.6377, 0.634, 0.6415, 0.637, 0.631, 0.6372, 0.6193, 0.6289, 0.6402, 0.6411, 0.638, 0.6428, 0.6369, 0.6433, 0.6378, 0.6429, 0.6443, 0.6435, 0.6388, 0.6346, 0.6483, 0.642, 0.6314, 0.6422, 0.6457, 0.6426, 0.6431, 0.639, 0.6347, 0.638, 0.6319, 0.6427, 0.6438, 0.6327, 0.6445, 0.641, 0.6417, 0.6426, 0.6359]}