{"train_loss": [1.487419768857956, 1.148353321504593, 1.001771751499176, 0.8988975968837738, 0.8131289224147796, 0.7350714450359345, 0.6580533837199211, 0.5916193135857583, 0.535105204486847, 0.47070931215286255, 0.4245362575173378, 0.3809563046574593, 0.335504923376441, 0.2951417900621891, 0.27532224165201186, 0.24140757549628616, 0.22540702874213456, 0.199253310495615, 0.1938904374137521, 0.17809937245324253, 0.16554619630873205, 0.14955883406214415, 0.15057152052121237, 0.15204124068152158, 0.13480480568055064, 0.13017655136641115, 0.13009104850590228, 0.1255924174496904, 0.12177651479141786, 0.11995646944688633, 0.11631438967622816, 0.10520376833532936, 0.12119819744843989, 0.1033411460114643, 0.10104667053790763, 0.09612067233785056, 0.10439976208563893, 0.09734645643876866, 0.0931946560589131, 0.08977356057921425, 0.09162559691476635, 0.09742018988630152, 0.08358356894706376, 0.09188030134756119, 0.08281539702832233, 0.08831407292103395, 0.0871362561914837, 0.08789743939939654, 0.06940600149764213, 0.07441748601122526, 0.08812196804264094, 0.07981886845614063, 0.07942221796526573, 0.0752500380002195, 0.06676054420985747, 0.09064449840195012, 0.06865469910893007, 0.07417084135067416, 0.07286807610691758, 0.06798907120507211, 0.07213782580857224, 0.0650025021120382, 0.073237840252569, 0.07433896300715277, 0.06463573851822293, 0.06601928252478538, 0.07491284799094573, 0.06072405328130117, 0.06532104128560168, 0.05991367172864848], "train_acc": [0.45935, 0.59195, 0.649025, 0.6851, 0.715825, 0.741, 0.76725, 0.788725, 0.81025, 0.83165, 0.849575, 0.86575, 0.8805, 0.89585, 0.902625, 0.913525, 0.919775, 0.9278, 0.931225, 0.9364, 0.9418, 0.947925, 0.94745, 0.9473, 0.952925, 0.954475, 0.95635, 0.957, 0.958025, 0.959975, 0.961325, 0.96465, 0.9613, 0.9661, 0.966375, 0.96805, 0.965475, 0.968025, 0.9697, 0.970425, 0.969775, 0.96805, 0.97285, 0.97175, 0.973375, 0.971825, 0.972125, 0.9718, 0.97685, 0.9757, 0.974075, 0.97475, 0.9751, 0.9759, 0.978225, 0.9729, 0.97855, 0.97735, 0.977175, 0.97895, 0.97845, 0.979775, 0.976925, 0.977675, 0.979675, 0.97985, 0.9773, 0.981875, 0.979575, 0.9808], "val_loss": [1.3037817998886108, 1.1099517406463624, 1.0910136795043945, 1.0016924266815186, 0.9883561305999756, 0.987054047870636, 1.026752710723877, 1.0088329330444337, 1.0917821491241455, 1.1326151430130005, 1.174666179561615, 1.2633628450393677, 1.2841482973098755, 1.4249641571044922, 1.4712470571517944, 1.7260226366996765, 1.6450917976379396, 1.8240702829360962, 1.8635601873397827, 1.90481616897583, 2.0337855655670167, 2.042850581932068, 2.156402948951721, 2.192767247772217, 2.322270627593994, 2.367603414916992, 2.3912174249649047, 2.481160238647461, 2.5678495666503904, 2.442682752227783, 2.616293743133545, 2.648706520843506, 2.682790516662598, 2.729144503593445, 2.653691584587097, 2.6868177074432373, 2.8027793462753294, 2.8143132946014404, 2.8319757126808165, 2.900092227935791, 2.8642976152420045, 3.079218189239502, 3.115550576019287, 3.0237427032470703, 2.94607644367218, 3.0362811506271363, 3.006722190284729, 3.0686365768432617, 3.12456370639801, 3.3941085790634156, 3.206273936843872, 3.351001387119293, 3.344338705825806, 3.30458641166687, 3.4820021831512453, 3.258270537567139, 3.288347988128662, 3.434006686401367, 3.335806697463989, 3.367739250946045, 3.5702436458587647, 3.6111514751434326, 3.664668096160889, 3.538009354400635, 3.695034754562378, 3.667668786239624, 3.6580335632324217, 3.6284103260040284, 3.699883304786682, 3.7292889476776123], "val_acc": [0.5422, 0.6088, 0.6138, 0.6517, 0.6663, 0.6733, 0.6614, 0.6784, 0.6717, 0.6707, 0.6715, 0.6673, 0.673, 0.6615, 0.6659, 0.6655, 0.6668, 0.6577, 0.6608, 0.6366, 0.6604, 0.6595, 0.6504, 0.6483, 0.6606, 0.6528, 0.6475, 0.6384, 0.6511, 0.6665, 0.6516, 0.6564, 0.6534, 0.6318, 0.6538, 0.6546, 0.649, 0.6501, 0.6495, 0.6534, 0.6524, 0.643, 0.6425, 0.6524, 0.6517, 0.6543, 0.6568, 0.6528, 0.6586, 0.6463, 0.6569, 0.6595, 0.651, 0.652, 0.6572, 0.6511, 0.6475, 0.6459, 0.656, 0.6562, 0.6507, 0.6489, 0.6436, 0.6489, 0.6573, 0.6436, 0.653, 0.6372, 0.6529, 0.6497]}