{"train_loss": [1.5089833483695985, 1.148020250082016, 1.0034412722587585, 0.9000923026323319, 0.8040903326034546, 0.735144687461853, 0.6618557364225388, 0.6037654900550842, 0.5477415023088456, 0.4880208089470863, 0.43903504837155344, 0.39471210153102876, 0.3547354974806309, 0.3144709445744753, 0.2902996643066406, 0.26070328413099053, 0.23707769439071416, 0.22711252917945385, 0.2075128191560507, 0.18756108383312822, 0.178444255553931, 0.16513965797945857, 0.1653452160961926, 0.14528044319180772, 0.1539984938232228, 0.14765697342157363, 0.13821697404440492, 0.13047458988055588, 0.13301643816241995, 0.1214712507141754, 0.12427610164992511, 0.11037841068161651, 0.1329652578121051, 0.10233535070926883, 0.10530859712040982, 0.10729758483618498, 0.11384275147211738, 0.10299265578514896, 0.10303711218177342, 0.09819984531635419, 0.09923053620876744, 0.10228902184816543, 0.09846544299386442, 0.08161611015815287, 0.092599261784181, 0.09344320004249457, 0.08495170981043484, 0.08552465369098354, 0.09156332256521564, 0.09038957769057016, 0.07305819176465739, 0.07623233624426648, 0.09451630231291056, 0.06582082586459582, 0.08417045496654464, 0.0867411348424619, 0.07524468759058509, 0.08223772452606354, 0.06997123268041759, 0.07774745048987679, 0.07234459807290695, 0.07922055054315133, 0.07753151851822622, 0.07051589371533773, 0.0668344764253241, 0.07933096503145644, 0.06491050486604799, 0.072764808224421, 0.06889365335160982, 0.07414973584584077], "train_acc": [0.45, 0.5931, 0.643875, 0.682725, 0.717275, 0.74265, 0.768875, 0.788575, 0.804575, 0.829075, 0.8461, 0.85735, 0.875025, 0.88865, 0.89715, 0.9062, 0.915325, 0.920475, 0.926575, 0.9337, 0.938675, 0.9431, 0.944025, 0.950675, 0.9471, 0.949575, 0.95205, 0.9556, 0.9549, 0.959475, 0.9581, 0.9632, 0.9557, 0.965925, 0.965375, 0.964325, 0.96365, 0.966275, 0.966525, 0.96865, 0.9673, 0.9664, 0.96845, 0.973425, 0.970875, 0.970425, 0.972775, 0.973475, 0.97105, 0.971025, 0.976775, 0.975325, 0.970475, 0.978575, 0.973625, 0.973775, 0.9764, 0.97425, 0.977425, 0.97565, 0.97785, 0.9764, 0.97625, 0.979875, 0.979125, 0.976075, 0.980525, 0.9779, 0.97865, 0.977475], "val_loss": [1.2274313856124879, 1.0748001379013061, 1.077796586227417, 0.9627954750061035, 1.0031822896957396, 0.9879113123893738, 1.0033139835357665, 1.0294760202407838, 1.0898770058631897, 1.1187221538543701, 1.1828271085739135, 1.2179632015228272, 1.3112437408447266, 1.4335062757492065, 1.466880576992035, 1.6208284008026124, 1.7107795298576356, 1.7691687566757202, 1.7972506927490235, 1.9710939575195312, 2.031200727272034, 2.152395824623108, 2.080721995925903, 2.187322346115112, 2.272365781879425, 2.282359489440918, 2.354188479614258, 2.419338790512085, 2.414042732810974, 2.59384083776474, 2.676414978218079, 2.5575408635139465, 2.6409552658081057, 2.661071398925781, 2.7357959636688234, 2.8815439674377443, 2.7959539361953736, 2.9052002532958983, 2.8749221720695495, 2.8035748893737793, 2.9128636745452883, 3.054450384902954, 3.0928512168884277, 3.122932155418396, 3.2827776489257814, 3.1726535263061524, 3.3630855838775635, 3.1201730794906615, 3.233276000213623, 3.2131389978408813, 3.2332188777923583, 3.347008613204956, 3.3962980884552003, 3.6326482440948484, 3.7730510108947755, 3.529823154449463, 3.5843401920318603, 3.5380774585723875, 3.5742826805114745, 3.4371759574890137, 3.6504918159484863, 3.56750048828125, 3.3157199253082275, 3.6605094451904296, 3.7356313306808473, 3.684733275604248, 3.600815517807007, 3.6509032020568846, 3.773390605735779, 3.704301258468628], "val_acc": [0.5666, 0.6152, 0.6236, 0.6706, 0.6542, 0.6697, 0.6688, 0.6681, 0.6582, 0.676, 0.6668, 0.6624, 0.6655, 0.6633, 0.6637, 0.6564, 0.656, 0.6545, 0.6556, 0.6522, 0.6513, 0.6583, 0.6539, 0.6582, 0.645, 0.6553, 0.6523, 0.6457, 0.6553, 0.6549, 0.6501, 0.6558, 0.6519, 0.6611, 0.655, 0.6497, 0.6528, 0.6515, 0.6481, 0.6571, 0.6541, 0.6434, 0.6489, 0.6533, 0.6438, 0.6408, 0.6368, 0.6563, 0.6504, 0.6456, 0.6497, 0.6495, 0.643, 0.6458, 0.6293, 0.6341, 0.6488, 0.6471, 0.6462, 0.6489, 0.6483, 0.6529, 0.6545, 0.6465, 0.6412, 0.6416, 0.6526, 0.6395, 0.6478, 0.6469]}