{"train_loss": [1.4822137846469878, 1.1485621643543242, 0.9940955066919327, 0.8734410838127136, 0.7797827639102936, 0.6970433909416198, 0.6214570056319236, 0.5581963313341141, 0.4875235046863556, 0.4270249900877476, 0.3770656056702137, 0.3295443853139877, 0.29509264802336693, 0.2621446902871132, 0.24128481333851814, 0.2221479112893343, 0.1918275348328054, 0.1842670418024063, 0.16789730212688447, 0.1676849758291617, 0.14942659103870393, 0.14995446336343884, 0.13582533133309335, 0.13814833772927523, 0.1212069763859734, 0.12342961342586205, 0.12141768471095711, 0.1265084161968436, 0.11166958221681417, 0.11508688128166832, 0.10169255440565758, 0.09793854494187981, 0.10729235250181518, 0.10332933190185577, 0.10200110336970537, 0.09013887114434037, 0.10144915271769278, 0.09434170502771158, 0.09000676528613549, 0.09058990723756143, 0.09120704732195009, 0.08597065242794343, 0.09757240940429038, 0.07906543741277419, 0.07740339708239771, 0.09012763621252962, 0.07762207614285871, 0.07441318379628356, 0.07333559901139815, 0.07734413598487154, 0.08987994673341745, 0.05885659848399227, 0.07921284472932748, 0.06937799939683173, 0.06485870745063294, 0.07940469658910297, 0.07685274079476949, 0.0611412954463216, 0.07271031460525264, 0.07246043539011734, 0.06916226151861775, 0.06380112703912601, 0.06364855919265247, 0.06430528967642095, 0.06932056622697565, 0.058800012836535465, 0.07448239757677948, 0.05310830130997347, 0.07765025250365143, 0.06902602880846244], "train_acc": [0.459475, 0.590375, 0.64755, 0.693525, 0.7248, 0.752275, 0.78425, 0.801825, 0.828, 0.8496, 0.865875, 0.8831, 0.896075, 0.907, 0.9153, 0.922475, 0.933175, 0.9346, 0.94115, 0.9422, 0.94785, 0.948225, 0.9529, 0.953625, 0.958225, 0.9585, 0.95835, 0.9577, 0.96405, 0.962075, 0.96625, 0.967175, 0.9651, 0.96675, 0.96655, 0.9714, 0.967475, 0.968325, 0.9704, 0.970525, 0.970725, 0.973175, 0.969175, 0.9753, 0.9753, 0.97245, 0.975175, 0.97615, 0.97695, 0.97505, 0.9721, 0.9821, 0.975025, 0.978025, 0.97905, 0.976225, 0.9766, 0.980625, 0.97865, 0.97845, 0.978275, 0.980175, 0.980725, 0.9799, 0.979925, 0.98265, 0.978175, 0.983275, 0.9772, 0.978775], "val_loss": [1.2332400686264038, 1.1137154535293579, 1.0192158153533935, 1.0335685287475587, 0.9832894672393799, 0.9998482612609864, 1.057794937324524, 1.0620122784614563, 1.114461253261566, 1.2141349027633668, 1.3052306771278381, 1.3878927340507508, 1.4752317981719971, 1.5830351217269898, 1.6518394310951232, 1.6866916315078735, 1.8806764657974244, 1.9247851499557496, 1.9385769397735595, 2.118886485862732, 2.291396447563171, 2.226516049575806, 2.280656360054016, 2.3188552240371703, 2.5183185930252074, 2.4605563495635985, 2.6451546894073488, 2.5262299030303956, 2.643550723838806, 2.637316456222534, 2.709426646232605, 2.8421598893165587, 2.8350466836929322, 2.788749650669098, 2.814559532546997, 3.034613067626953, 3.0203009885787964, 3.0238936096191407, 3.0605641752243042, 2.988578457069397, 3.2210696361541746, 3.0604928506851197, 3.2540269355773925, 3.150489090538025, 3.2290403541564943, 3.1583685333251954, 3.2723332206726075, 3.3732582172393797, 3.213649467086792, 3.3093738061904907, 3.278750095367432, 3.4630299770355224, 3.335081829452515, 3.4622557689666746, 3.5818690418243406, 3.393278680229187, 3.351393474197388, 3.483182606124878, 3.515325646972656, 3.473873582839966, 3.4848459819793702, 3.6535954010009766, 3.498202534866333, 3.717923642349243, 3.5979022331237793, 3.568774020767212, 3.56204928894043, 3.6772923498153687, 3.5448757066726686, 3.6951726112365724], "val_acc": [0.5694, 0.6158, 0.6471, 0.6434, 0.6659, 0.6698, 0.6591, 0.6698, 0.6628, 0.6627, 0.6683, 0.6607, 0.6633, 0.6507, 0.6672, 0.6595, 0.6464, 0.6556, 0.6554, 0.652, 0.6588, 0.651, 0.6545, 0.6499, 0.6603, 0.6519, 0.6502, 0.659, 0.6519, 0.6428, 0.6435, 0.6536, 0.6433, 0.6515, 0.6433, 0.6386, 0.6499, 0.645, 0.6437, 0.6434, 0.6387, 0.6499, 0.6392, 0.6359, 0.6359, 0.6473, 0.6426, 0.6353, 0.6489, 0.642, 0.6529, 0.6447, 0.6532, 0.6448, 0.645, 0.6551, 0.6523, 0.6501, 0.6469, 0.6325, 0.6437, 0.6437, 0.6515, 0.6422, 0.6488, 0.6509, 0.6488, 0.6516, 0.6473, 0.6529]}