{"train_loss": [1.4881194622516631, 1.1258800869941712, 0.9701066905975342, 0.8547846583366394, 0.7734927785158158, 0.694226190662384, 0.6172750386834145, 0.552457564008236, 0.49033260685801505, 0.43353128039240835, 0.3809386329561472, 0.33258956751525404, 0.29461445725560187, 0.26667728715837, 0.24198175084590912, 0.21984514157772064, 0.19054323831871153, 0.19922227947115898, 0.1689454713350162, 0.1592357765097171, 0.1512172857426107, 0.15510014459043742, 0.13367169103305787, 0.13067217761538924, 0.13382227619532497, 0.13294637734778225, 0.11109063280159608, 0.12020706650130451, 0.1074197833255399, 0.11375216092392802, 0.10284413131135516, 0.11406818026574328, 0.1010102017777972, 0.10244074872713536, 0.10228573219012468, 0.09318796821304132, 0.09457516807038337, 0.09732286735572852, 0.08770629521503578, 0.09884345862613991, 0.0876226721201092, 0.08794875358501449, 0.08404974009923172, 0.07132233196989983, 0.09424039922992233, 0.07453121579664293, 0.08527301188698039, 0.06910564376299735, 0.08200056696793763, 0.08564469835656928, 0.06758808580699842, 0.08147140867796843, 0.08184180037153418, 0.061352801563512915, 0.08706987193208479, 0.07362710829385614, 0.060988067816916736, 0.07712892709923908, 0.0617140379301738, 0.06772685527349531, 0.0657795880849415, 0.07545270154356985, 0.06421151165401097, 0.05828345544006006, 0.06918358148744737, 0.06001786650282593, 0.06849988422743336, 0.05301768320725023, 0.07282714100985323, 0.05388267180470575], "train_acc": [0.45945, 0.6021, 0.6612, 0.700475, 0.7276, 0.7571, 0.783375, 0.802675, 0.828325, 0.847025, 0.865875, 0.882975, 0.895775, 0.90555, 0.91405, 0.9227, 0.93285, 0.931675, 0.9413, 0.94445, 0.94905, 0.947125, 0.954475, 0.9553, 0.9549, 0.955425, 0.96265, 0.960225, 0.963, 0.9618, 0.96555, 0.962075, 0.9675, 0.966575, 0.966375, 0.97015, 0.96945, 0.9685, 0.9713, 0.969325, 0.972175, 0.9722, 0.97295, 0.977325, 0.97075, 0.975975, 0.973125, 0.97825, 0.974225, 0.974275, 0.97835, 0.974625, 0.9751, 0.98015, 0.973675, 0.97745, 0.980325, 0.97725, 0.981075, 0.979675, 0.9796, 0.977125, 0.9802, 0.98145, 0.978525, 0.98095, 0.9801, 0.983825, 0.978, 0.983475], "val_loss": [1.286893339729309, 1.1117109962463378, 1.0388242156982421, 0.9838363447189331, 0.9910650352478028, 0.9621466457366943, 1.0063125926017762, 1.0791000732421876, 1.1932579708099365, 1.1602816118240356, 1.2624738409996032, 1.3033668135643006, 1.3928220805168152, 1.4556812352180482, 1.5063466636657714, 1.6073081634521484, 1.8651213068962098, 1.8355484621047973, 1.8781493145942687, 1.991075500869751, 2.1136122270584106, 2.093117942619324, 2.1659085681915284, 2.2416068824768067, 2.2939674008369444, 2.338723718261719, 2.4083305587768553, 2.4198876925468444, 2.799014886856079, 2.5318953857421875, 2.6820885927200315, 2.660506963253021, 2.7068734318733214, 2.6781787855148314, 2.676520364665985, 2.724807450294495, 2.8526438861846923, 2.8627593173980714, 2.9384855503082274, 2.7736617288589476, 2.9231308073043825, 2.8876956040382384, 3.1278518463134763, 3.128296380996704, 2.9857344177246095, 3.196286669921875, 2.98664264755249, 3.074890942764282, 3.1783446787834166, 3.0852029794692992, 3.2264323093414307, 3.187774274158478, 3.1611852779388427, 3.4508850873947146, 3.2309875226020814, 3.214400730705261, 3.362657751941681, 3.322244316291809, 3.305198817062378, 3.5489052042007447, 3.6122008975982665, 3.308330990886688, 3.4019085689544677, 3.5177121912002565, 3.515767827796936, 3.4486740041732786, 3.499228857421875, 3.586368574523926, 3.626958542251587, 3.5627902656555177], "val_acc": [0.5454, 0.6145, 0.6459, 0.6688, 0.6713, 0.6836, 0.6736, 0.6723, 0.6489, 0.6782, 0.6619, 0.6675, 0.6655, 0.6703, 0.6723, 0.6632, 0.6546, 0.6602, 0.6562, 0.6609, 0.6594, 0.6609, 0.6647, 0.6587, 0.6626, 0.6627, 0.6603, 0.6636, 0.6374, 0.652, 0.6598, 0.6426, 0.6542, 0.6631, 0.6566, 0.6643, 0.6527, 0.6582, 0.6501, 0.656, 0.6558, 0.6477, 0.6595, 0.6444, 0.6546, 0.6599, 0.6586, 0.6452, 0.6567, 0.6413, 0.6526, 0.6429, 0.6526, 0.6372, 0.6558, 0.6539, 0.6567, 0.6483, 0.6438, 0.645, 0.6522, 0.6566, 0.6514, 0.6631, 0.6479, 0.6503, 0.6563, 0.6545, 0.6574, 0.6501]}