{
    "train_loss": [
        0.6896781374454498,
        0.6902857602834701,
        0.6940291845798492,
        0.6913089638710022,
        0.6881024487495422,
        0.6883129589319229,
        0.6903158905744553,
        0.6861718079566955,
        0.6927169425010681,
        0.6921626035213471,
        0.6890040653705597,
        0.6919137871146203,
        0.6968621521949768,
        0.6896295322775841,
        0.6908933884382248,
        0.6896367545723915,
        0.6925817346692086,
        0.6928689233541488,
        0.6943094413638115,
        0.6927914487600326,
        0.6885553214550019,
        0.6909731216669083,
        0.6925310660123825,
        0.6907482088685035,
        0.6984291936159134,
        0.6943527451992035,
        0.6967769999742508,
        0.6929782385587693,
        0.6904265642881393,
        0.6904338038682938,
        0.6950005838871002,
        0.6888104315042496,
        0.6884136086106301,
        0.6900845158338547,
        0.6926172578811646,
        0.6924598255872726,
        0.6920035308718682,
        0.6896810623884201,
        0.6937535751581192,
        0.6878989944934845,
        0.6965250438213348,
        0.6870331998586655,
        0.693718689250946,
        0.6930870401501655,
        0.6895426053166389,
        0.6913294115662575,
        0.6939581873178482,
        0.695966719174385,
        0.6931825333833694,
        0.6950040663242341,
        0.6837449703454971,
        0.6911112213134766,
        0.6933770522594452,
        0.691093699479103,
        0.6925811839103698,
        0.692498474764824,
        0.6914569874048233,
        0.6916564090251922,
        0.6918957780599594,
        0.6903979105830192,
        0.6890919852733612,
        0.6901316126585006,
        0.6945744622468948,
        0.6898751026630402,
        0.6956098820924759,
        0.6955021553993225,
        0.6957584953188897,
        0.6946019569516182,
        0.702209772837162,
        0.6929604412436485
    ],
    "train_acc": [
        0.75835,
        0.759175,
        0.7563,
        0.75795,
        0.759675,
        0.758475,
        0.7589,
        0.759625,
        0.758125,
        0.760225,
        0.75985,
        0.757975,
        0.7565,
        0.75815,
        0.75875,
        0.7591,
        0.75915,
        0.75605,
        0.75885,
        0.7573,
        0.76085,
        0.760825,
        0.758775,
        0.758475,
        0.75755,
        0.758225,
        0.75315,
        0.759875,
        0.75865,
        0.7585,
        0.7568,
        0.757775,
        0.7593,
        0.75785,
        0.760175,
        0.757275,
        0.7564,
        0.756175,
        0.757925,
        0.7593,
        0.75825,
        0.7592,
        0.759975,
        0.75755,
        0.758625,
        0.7589,
        0.7586,
        0.755875,
        0.758825,
        0.757275,
        0.76005,
        0.760775,
        0.7566,
        0.759925,
        0.75925,
        0.7583,
        0.756675,
        0.7563,
        0.759375,
        0.7599,
        0.7595,
        0.75705,
        0.757125,
        0.760175,
        0.7581,
        0.760075,
        0.7569,
        0.756625,
        0.7532,
        0.759225
    ],
    "val_loss": [
        1.0115308597564698,
        1.0115308597564698,
        1.0115308597564698,
        1.0115308597564698,
        1.0115308597564698,
        1.0115308597564698,
        1.0115308597564698,
        1.0115308597564698,
        1.0115308597564698,
        1.0115308597564698,
        1.0115308597564698,
        1.0115308597564698,
        1.0115308597564698,
        1.0115308597564698,
        1.0115308597564698,
        1.0115308597564698,
        1.0115308597564698,
        1.0115308597564698,
        1.0115308597564698,
        1.0115308597564698,
        1.0115308597564698,
        1.0115308597564698,
        1.0115308597564698,
        1.0115308597564698,
        1.0115308597564698,
        1.0115308597564698,
        1.0115308597564698,
        1.0115308597564698,
        1.0115308597564698,
        1.0115308597564698,
        1.0115308597564698,
        1.0115308597564698,
        1.0115308597564698,
        1.0115308597564698,
        1.0115308597564698,
        1.0115308597564698,
        1.0115308597564698,
        1.0115308597564698,
        1.0115308597564698,
        1.0115308597564698,
        1.0115308597564698,
        1.0115308597564698,
        1.0115308597564698,
        1.0115308597564698,
        1.0115308597564698,
        1.0115308597564698,
        1.0115308597564698,
        1.0115308597564698,
        1.0115308597564698,
        1.0115308597564698,
        1.0115308597564698,
        1.0115308597564698,
        1.0115308597564698,
        1.0115308597564698,
        1.0115308597564698,
        1.0115308597564698,
        1.0115308597564698,
        1.0115308597564698,
        1.0115308597564698,
        1.0115308597564698,
        1.0115308597564698,
        1.0115308597564698,
        1.0115308597564698,
        1.0115308597564698,
        1.0115308597564698,
        1.0115308597564698,
        1.0115308597564698,
        1.0115308597564698,
        1.0115308597564698,
        1.0115308597564698
    ],
    "val_acc": [
        0.6772,
        0.6772,
        0.6772,
        0.6772,
        0.6772,
        0.6772,
        0.6772,
        0.6772,
        0.6772,
        0.6772,
        0.6772,
        0.6772,
        0.6772,
        0.6772,
        0.6772,
        0.6772,
        0.6772,
        0.6772,
        0.6772,
        0.6772,
        0.6772,
        0.6772,
        0.6772,
        0.6772,
        0.6772,
        0.6772,
        0.6772,
        0.6772,
        0.6772,
        0.6772,
        0.6772,
        0.6772,
        0.6772,
        0.6772,
        0.6772,
        0.6772,
        0.6772,
        0.6772,
        0.6772,
        0.6772,
        0.6772,
        0.6772,
        0.6772,
        0.6772,
        0.6772,
        0.6772,
        0.6772,
        0.6772,
        0.6772,
        0.6772,
        0.6772,
        0.6772,
        0.6772,
        0.6772,
        0.6772,
        0.6772,
        0.6772,
        0.6772,
        0.6772,
        0.6772,
        0.6772,
        0.6772,
        0.6772,
        0.6772,
        0.6772,
        0.6772,
        0.6772,
        0.6772,
        0.6772,
        0.6772
    ],
    "lr_history": [
        0.001,
        0.001,
        0.001,
        0.001,
        0.001,
        0.001,
        0.001,
        0.001,
        0.001,
        0.001,
        0.001,
        0.001,
        0.001,
        0.001,
        0.001,
        0.001,
        0.001,
        0.001,
        0.001,
        0.001,
        0.001,
        0.001,
        0.001,
        0.001,
        0.001,
        0.001,
        0.001,
        0.001,
        0.001,
        0.001,
        0.001,
        0.001,
        0.001,
        0.001,
        0.001,
        0.001,
        0.001,
        0.001,
        0.001,
        0.001,
        0.001,
        0.001,
        0.001,
        0.001,
        0.001,
        0.001,
        0.001,
        0.001,
        0.001,
        0.001,
        0.001,
        0.001,
        0.001,
        0.001,
        0.001,
        0.001,
        0.001,
        0.001,
        0.001,
        0.001,
        0.001,
        0.001,
        0.001,
        0.001,
        0.001,
        0.001,
        0.001,
        0.001,
        0.001,
        0.001
    ]
}