{"train_loss": [1.4908246275424957, 1.1452416161537171, 0.9933869020938874, 0.888188875079155, 0.7949250270366669, 0.7264791015863419, 0.653177707195282, 0.5795203842639923, 0.5283412852942944, 0.469927364218235, 0.42652174198627474, 0.3815867639064789, 0.33252538626194, 0.29792558646798134, 0.26997654769420626, 0.2429396901845932, 0.2309444275483489, 0.2111597628109157, 0.1935180379278958, 0.1833063027139753, 0.16975792721807956, 0.16972940297611058, 0.1538538059055805, 0.14696001743786036, 0.1406416932415217, 0.1434883572615683, 0.12861756571982988, 0.139297703178972, 0.12486593387629837, 0.1196720784287434, 0.11790017313286662, 0.12094867501901463, 0.1011582170793321, 0.12068450852157549, 0.10445082938233391, 0.12010096136443317, 0.09589899323326535, 0.09967215683571995, 0.1000061281378381, 0.0994014617074281, 0.09130038763871416, 0.09164093593303115, 0.09457868611698504, 0.08967941406555474, 0.09098513093004003, 0.0792809478729614, 0.08806946653842461, 0.08858430526414886, 0.0878158117016661, 0.08136242171167396, 0.08394469248967944, 0.08063377260697308, 0.08294085531837772, 0.09219028787324204, 0.06834032527143717, 0.08621540082694264, 0.07721900447999942, 0.07163065097093932, 0.06600125658024335, 0.07901770792226889, 0.06721009137625807, 0.06913523786309815, 0.08018552047114062, 0.06049270145377377, 0.0688485645963112, 0.07376377748319646, 0.06996937067159452, 0.07202847624071292, 0.06489780433668639, 0.06628760673196521], "train_acc": [0.459975, 0.5948, 0.6505, 0.688125, 0.72095, 0.7447, 0.767875, 0.79445, 0.812175, 0.83295, 0.848425, 0.862325, 0.87985, 0.8925, 0.90355, 0.9133, 0.916675, 0.9253, 0.9322, 0.93675, 0.940775, 0.9417, 0.946675, 0.9498, 0.952625, 0.95095, 0.955375, 0.95245, 0.9574, 0.9589, 0.961225, 0.958175, 0.966775, 0.960075, 0.9659, 0.960025, 0.967925, 0.96725, 0.9662, 0.9685, 0.970125, 0.970075, 0.9706, 0.970875, 0.9708, 0.97455, 0.9716, 0.971975, 0.972025, 0.975275, 0.974325, 0.973875, 0.974275, 0.97095, 0.97795, 0.97435, 0.975475, 0.977675, 0.979425, 0.976725, 0.978975, 0.977825, 0.975025, 0.98135, 0.97855, 0.978675, 0.97775, 0.97855, 0.979975, 0.97915], "val_loss": [1.2418416645050048, 1.187495009803772, 1.0371997709274292, 1.0215065454483032, 1.0339214519500732, 0.9817417876243592, 0.9987807871818543, 1.0489883882522584, 1.1006125081062317, 1.1785315378189087, 1.1995570245742797, 1.2399585822105408, 1.302093951034546, 1.4274716296195984, 1.5313905387878417, 1.6179792340278625, 1.7689859981536866, 1.7443155595779418, 1.81384122467041, 1.9201537936210633, 2.0040352722167967, 2.0914310680389403, 2.134902820968628, 2.2029537393569947, 2.404247189903259, 2.3005891994476317, 2.3649867919921874, 2.3812475461959837, 2.4867921394348143, 2.385088586616516, 2.557078400325775, 2.5508078172683715, 2.709441609764099, 2.6851369106292724, 2.7976169483184816, 2.632687155151367, 2.79311548948288, 2.751062644958496, 2.7980226291656494, 2.833977982902527, 2.818817960357666, 2.920714818191528, 2.9014252981185913, 2.902653066062927, 2.923753600883484, 3.1434937242507934, 3.1383338151931763, 3.1351910957336426, 3.1485454288482666, 3.2103112464904786, 3.205401497077942, 3.1921203914642335, 3.1715856704711913, 3.085510104370117, 3.2530413299560546, 3.4529862005233767, 3.26080961227417, 3.3085005542755126, 3.3104269296646116, 3.295666039657593, 3.4140055797576903, 3.3874624925613404, 3.424354836654663, 3.587541417121887, 3.476841093635559, 3.4103795141220092, 3.3576509466171265, 3.5631805097579954, 3.6164447914123534, 3.6123364810943603], "val_acc": [0.5627, 0.5821, 0.63, 0.6429, 0.6506, 0.6675, 0.6642, 0.6692, 0.6569, 0.6574, 0.666, 0.6662, 0.6685, 0.6593, 0.6538, 0.6599, 0.6521, 0.6524, 0.6618, 0.6431, 0.6612, 0.653, 0.6555, 0.6585, 0.6347, 0.65, 0.6592, 0.6575, 0.6459, 0.6529, 0.652, 0.6607, 0.6554, 0.6501, 0.6428, 0.6567, 0.6542, 0.6506, 0.6472, 0.6581, 0.6627, 0.6479, 0.6479, 0.6608, 0.6519, 0.6527, 0.6518, 0.656, 0.6448, 0.6534, 0.6529, 0.6574, 0.649, 0.6482, 0.6516, 0.6466, 0.6429, 0.6496, 0.6607, 0.6532, 0.6562, 0.6559, 0.6486, 0.6473, 0.659, 0.6512, 0.6475, 0.6465, 0.6403, 0.6548]}