{
    "train_loss": [
        0.33955971228182313,
        0.33860417256355285,
        0.34307519761025906,
        0.3381833314716816,
        0.3383084546178579,
        0.3442817689925432,
        0.34520573384165765,
        0.34153033093363044,
        0.343469592154026,
        0.34508021512031556,
        0.34681190364956854,
        0.3393151200145483,
        0.33976811861395834,
        0.33679450179338455,
        0.3400735706716776,
        0.3393525005012751,
        0.3415934488117695,
        0.33907318219542504,
        0.3375866242527962,
        0.33674187675118444,
        0.34169424626529216,
        0.3375543440669775,
        0.33556685452759266,
        0.34037528305500747,
        0.3392950983405113,
        0.3431061992228031,
        0.33918832138478755,
        0.3406172428846359,
        0.34006337672472,
        0.335241546690464,
        0.34253594593405723,
        0.33931989420354364,
        0.3427104685217142,
        0.3376365070402622,
        0.3394871108353138,
        0.3371162309736013,
        0.3404225638717413,
        0.34569419363439086,
        0.34285928890556094,
        0.3443603340297937,
        0.33827310606837274,
        0.34362165287286045,
        0.34697416885495186,
        0.3433813341617584,
        0.3434894012719393,
        0.33572337393164636,
        0.33708142589330675,
        0.3384186932593584,
        0.3383867045849562,
        0.3392463437408209,
        0.33601203478872776,
        0.3390894633233547,
        0.33535654883533716,
        0.33873332135677336,
        0.33490706877410414,
        0.3411996907323599,
        0.34187262535095214,
        0.3426001792341471,
        0.3441691992074251,
        0.33884015899151565,
        0.34122523351311684,
        0.341195685338974,
        0.34485984883606435,
        0.33726780628561975,
        0.334591857150197,
        0.34180861162245274,
        0.3409717886686325,
        0.3444258896693587,
        0.3328259924650192,
        0.3409141017511487
    ],
    "train_acc": [
        0.8831,
        0.884325,
        0.884,
        0.8847,
        0.8842,
        0.88585,
        0.883025,
        0.8847,
        0.884175,
        0.882925,
        0.8847,
        0.88735,
        0.8853,
        0.885575,
        0.885225,
        0.8833,
        0.8854,
        0.88655,
        0.88475,
        0.885625,
        0.883,
        0.8866,
        0.885525,
        0.88575,
        0.8872,
        0.88305,
        0.885525,
        0.8843,
        0.885475,
        0.88705,
        0.884525,
        0.8856,
        0.885375,
        0.884425,
        0.8857,
        0.8849,
        0.8832,
        0.880625,
        0.884075,
        0.883275,
        0.884475,
        0.8845,
        0.88285,
        0.885025,
        0.88315,
        0.885025,
        0.884525,
        0.885775,
        0.883525,
        0.886175,
        0.8863,
        0.884525,
        0.888275,
        0.885875,
        0.886975,
        0.8844,
        0.88315,
        0.8835,
        0.885175,
        0.885575,
        0.885175,
        0.885125,
        0.88315,
        0.8876,
        0.886875,
        0.883425,
        0.8856,
        0.883125,
        0.887,
        0.884675
    ],
    "val_loss": [
        1.5422798664093018,
        1.5422798664093018,
        1.5422798664093018,
        1.5422798664093018,
        1.5422798664093018,
        1.5422798664093018,
        1.5422798664093018,
        1.5422798664093018,
        1.5422798664093018,
        1.5422798664093018,
        1.5422798664093018,
        1.5422798664093018,
        1.5422798664093018,
        1.5422798664093018,
        1.5422798664093018,
        1.5422798664093018,
        1.5422798664093018,
        1.5422798664093018,
        1.5422798664093018,
        1.5422798664093018,
        1.5422798664093018,
        1.5422798664093018,
        1.5422798664093018,
        1.5422798664093018,
        1.5422798664093018,
        1.5422798664093018,
        1.5422798664093018,
        1.5422798664093018,
        1.5422798664093018,
        1.5422798664093018,
        1.5422798664093018,
        1.5422798664093018,
        1.5422798664093018,
        1.5422798664093018,
        1.5422798664093018,
        1.5422798664093018,
        1.5422798664093018,
        1.5422798664093018,
        1.5422798664093018,
        1.5422798664093018,
        1.5422798664093018,
        1.5422798664093018,
        1.5422798664093018,
        1.5422798664093018,
        1.5422798664093018,
        1.5422798664093018,
        1.5422798664093018,
        1.5422798664093018,
        1.5422798664093018,
        1.5422798664093018,
        1.5422798664093018,
        1.5422798664093018,
        1.5422798664093018,
        1.5422798664093018,
        1.5422798664093018,
        1.5422798664093018,
        1.5422798664093018,
        1.5422798664093018,
        1.5422798664093018,
        1.5422798664093018,
        1.5422798664093018,
        1.5422798664093018,
        1.5422798664093018,
        1.5422798664093018,
        1.5422798664093018,
        1.5422798664093018,
        1.5422798664093018,
        1.5422798664093018,
        1.5422798664093018,
        1.5422798664093018
    ],
    "val_acc": [
        0.6838,
        0.6838,
        0.6838,
        0.6838,
        0.6838,
        0.6838,
        0.6838,
        0.6838,
        0.6838,
        0.6838,
        0.6838,
        0.6838,
        0.6838,
        0.6838,
        0.6838,
        0.6838,
        0.6838,
        0.6838,
        0.6838,
        0.6838,
        0.6838,
        0.6838,
        0.6838,
        0.6838,
        0.6838,
        0.6838,
        0.6838,
        0.6838,
        0.6838,
        0.6838,
        0.6838,
        0.6838,
        0.6838,
        0.6838,
        0.6838,
        0.6838,
        0.6838,
        0.6838,
        0.6838,
        0.6838,
        0.6838,
        0.6838,
        0.6838,
        0.6838,
        0.6838,
        0.6838,
        0.6838,
        0.6838,
        0.6838,
        0.6838,
        0.6838,
        0.6838,
        0.6838,
        0.6838,
        0.6838,
        0.6838,
        0.6838,
        0.6838,
        0.6838,
        0.6838,
        0.6838,
        0.6838,
        0.6838,
        0.6838,
        0.6838,
        0.6838,
        0.6838,
        0.6838,
        0.6838,
        0.6838
    ],
    "lr_history": [
        0.001,
        0.001,
        0.001,
        0.001,
        0.001,
        0.001,
        0.001,
        0.001,
        0.001,
        0.001,
        0.001,
        0.001,
        0.001,
        0.001,
        0.001,
        0.001,
        0.001,
        0.001,
        0.001,
        0.001,
        0.001,
        0.001,
        0.001,
        0.001,
        0.001,
        0.001,
        0.001,
        0.001,
        0.001,
        0.001,
        0.001,
        0.001,
        0.001,
        0.001,
        0.001,
        0.001,
        0.001,
        0.001,
        0.001,
        0.001,
        0.001,
        0.001,
        0.001,
        0.001,
        0.001,
        0.001,
        0.001,
        0.001,
        0.001,
        0.001,
        0.001,
        0.001,
        0.001,
        0.001,
        0.001,
        0.001,
        0.001,
        0.001,
        0.001,
        0.001,
        0.001,
        0.001,
        0.001,
        0.001,
        0.001,
        0.001,
        0.001,
        0.001,
        0.001,
        0.001
    ]
}