{
    "train_loss": [
        1.6303744213104248,
        1.3731393940448762,
        1.2628484773635864,
        1.1800972494125366,
        1.117576713705063,
        1.0625258392810821,
        1.0122300785779954,
        0.968002618598938,
        0.9289546105861664,
        0.8828518103122711,
        0.844732961344719,
        0.8036324760913849,
        0.771540538406372,
        0.7403253943681717,
        0.706178000998497,
        0.6782965607047081,
        0.6476751919031143,
        0.6217223409414291,
        0.5927276462674141,
        0.5674334307014942,
        0.543958875131607,
        0.5206066670179367,
        0.49681993246078493,
        0.4786175329267979,
        0.4590162440896034,
        0.4417763334333897,
        0.4173441161930561,
        0.4061772267639637,
        0.3912284457921982,
        0.3777731926381588,
        0.3623737675666809,
        0.3517693995088339,
        0.33671528812646867,
        0.3232642550379038,
        0.3177041757941246,
        0.3091430244445801,
        0.2959357749640942,
        0.27856454402506353,
        0.2795331395298243,
        0.2781809401392937,
        0.26441404384076594,
        0.2588235479414463,
        0.25524958228170874,
        0.23876506634801625,
        0.2392549099266529,
        0.24551484317332506,
        0.21434616508036852,
        0.2377362109437585,
        0.21495677206888794,
        0.21221288857907056,
        0.22188466201275586,
        0.20571604459658266,
        0.2101309234313667,
        0.20246717110574244,
        0.20085993589013815,
        0.20146814203262328,
        0.1783949683070183,
        0.2190600724518299,
        0.18065083630234002,
        0.1900751477509737,
        0.17749813765734435,
        0.19445219106525183,
        0.1736307045277208,
        0.17137858222126962,
        0.18020557893700898,
        0.1761969085798599,
        0.16935412229709326,
        0.18153541981168092,
        0.16018596439287067,
        0.16844199917018413
    ],
    "train_acc": [
        0.40505,
        0.5084,
        0.546975,
        0.582575,
        0.606475,
        0.626,
        0.6434,
        0.659925,
        0.6729,
        0.689375,
        0.702675,
        0.715875,
        0.726225,
        0.739325,
        0.750475,
        0.75885,
        0.771075,
        0.77955,
        0.7885,
        0.798475,
        0.8075,
        0.815475,
        0.82085,
        0.83055,
        0.835275,
        0.8429,
        0.84975,
        0.855525,
        0.861425,
        0.8644,
        0.869975,
        0.87275,
        0.879725,
        0.883025,
        0.886325,
        0.8879,
        0.892825,
        0.899575,
        0.89925,
        0.89945,
        0.903525,
        0.905975,
        0.91,
        0.91315,
        0.913625,
        0.909125,
        0.92265,
        0.9142,
        0.922375,
        0.923075,
        0.919575,
        0.926475,
        0.9253,
        0.926975,
        0.929325,
        0.92845,
        0.936275,
        0.923175,
        0.93655,
        0.932,
        0.937425,
        0.93245,
        0.93765,
        0.9397,
        0.936625,
        0.937925,
        0.94045,
        0.93515,
        0.9445,
        0.94185
    ],
    "val_loss": [
        1.4974442487716675,
        1.3478486457824708,
        1.2808095392227172,
        1.252565419960022,
        1.2198408661842346,
        1.196392540359497,
        1.2312112714767456,
        1.244555202293396,
        1.2257114458084106,
        1.2064737548828126,
        1.2351718957901001,
        1.2756256732940674,
        1.2715121788024903,
        1.345792007446289,
        1.3426027990341187,
        1.3864689952850342,
        1.4019248817443848,
        1.4532046228408813,
        1.5095450706481934,
        1.5740767333984376,
        1.5992304695129393,
        1.6644465326309204,
        1.6874525434494019,
        1.797527075958252,
        1.9100935541152955,
        1.906749391555786,
        1.980173532295227,
        2.030273902320862,
        2.164581151771545,
        2.1547630218505858,
        2.2964196208953855,
        2.3034244691848755,
        2.288978367614746,
        2.447007397842407,
        2.5216632223129274,
        2.5581864454269407,
        2.639313663482666,
        2.738377686500549,
        2.826136817359924,
        2.8438840827941894,
        2.9038324283599852,
        2.967255878448486,
        3.0984183807373045,
        3.1152205070495604,
        3.234384902191162,
        3.285940996360779,
        3.3445564304351807,
        3.365311950683594,
        3.3890813064575194,
        3.5099794467926024,
        3.564439373397827,
        3.6517103675842284,
        3.6155020668029785,
        3.7137880992889403,
        3.8235521900177,
        3.8817149841308596,
        3.94945465927124,
        3.8567447650909426,
        3.9248826583862306,
        3.9946052825927736,
        4.173386199188233,
        4.092054572296143,
        4.009602133178711,
        4.175956421661377,
        4.299071184921265,
        4.246787292098999,
        4.450679864883423,
        4.319917300796509,
        4.326396820831299,
        4.419741396713257
    ],
    "val_acc": [
        0.4511,
        0.5141,
        0.5443,
        0.5504,
        0.566,
        0.5806,
        0.5687,
        0.5626,
        0.5773,
        0.587,
        0.5878,
        0.5748,
        0.5911,
        0.5768,
        0.5881,
        0.5809,
        0.5907,
        0.5703,
        0.5723,
        0.5665,
        0.5749,
        0.5605,
        0.5624,
        0.5639,
        0.5515,
        0.5614,
        0.5552,
        0.5476,
        0.5401,
        0.5569,
        0.5428,
        0.5485,
        0.5506,
        0.5435,
        0.5408,
        0.5456,
        0.5461,
        0.5428,
        0.5327,
        0.5439,
        0.5379,
        0.5411,
        0.5315,
        0.5394,
        0.54,
        0.5336,
        0.5377,
        0.5331,
        0.533,
        0.5384,
        0.535,
        0.5356,
        0.5396,
        0.5338,
        0.5293,
        0.5332,
        0.535,
        0.5338,
        0.5314,
        0.5295,
        0.5259,
        0.5308,
        0.531,
        0.5339,
        0.5312,
        0.5344,
        0.5396,
        0.537,
        0.5295,
        0.5352
    ]
}