{
    "train_loss": [
        1.6049255084395408,
        0.4333583933979273,
        0.29063159461915494,
        0.2116315416648984,
        0.15856635655090212,
        0.11540077064298093,
        0.08593945795595646,
        0.0672053786536213,
        0.0534087392914691,
        0.046367741127684714,
        0.037692126207426194,
        0.03435198404907715,
        0.030937964348419337,
        0.033400896293646655,
        0.032464778953179486,
        0.023012865335310925,
        0.03535583738954156,
        0.018157704564137383,
        0.03514049850852462,
        0.02836523587254342,
        0.024268988681782504,
        0.022597315049314056,
        0.027884564365372354,
        0.023544633827067445,
        0.023385326791906847,
        0.021989620210016436,
        0.025532850589175725,
        0.018902030375950563,
        0.023748406849589083,
        0.02247709306353063,
        0.023705998126557097,
        0.020551466225479088,
        0.022165313632605647,
        0.020449604835947138,
        0.024473378833420247,
        0.023374594975374748,
        0.02495366519470699,
        0.020316630494426773,
        0.021656166576683244,
        0.02434448444786976,
        0.019528923739366474,
        0.025748736095880305,
        0.01514631848798872,
        0.02257553566493834,
        0.023870615115457804,
        0.02208111290483612,
        0.02430587559608184,
        0.017124596349051717,
        0.02788672122485668,
        0.0190803876846144,
        0.02712645360529359,
        0.015230931697148299,
        0.02496511007023055,
        0.018617747711812262,
        0.024871261665306975,
        0.017270255864334286,
        0.021721580123608284,
        0.019457095155671688,
        0.018399181432490353,
        0.021026572310423854,
        0.01580284459127806,
        0.020589297721186405,
        0.022581802482853162,
        0.016655773457058286,
        0.017223244293087327,
        0.024462643082692102,
        0.015952506520025053,
        0.01607506324465569,
        0.019625488695442755,
        0.021463978399332017
    ],
    "train_acc": [
        0.562825,
        0.88085,
        0.9228,
        0.943825,
        0.95655,
        0.9676,
        0.976325,
        0.9814,
        0.984575,
        0.986075,
        0.9888,
        0.9891,
        0.9906,
        0.990125,
        0.98975,
        0.993,
        0.988675,
        0.994125,
        0.98895,
        0.9918,
        0.99225,
        0.992425,
        0.9908,
        0.992825,
        0.992525,
        0.992675,
        0.991875,
        0.99345,
        0.9926,
        0.9924,
        0.992875,
        0.992825,
        0.99235,
        0.9933,
        0.992275,
        0.992275,
        0.991725,
        0.9935,
        0.993375,
        0.9931,
        0.993425,
        0.99155,
        0.99505,
        0.992825,
        0.992875,
        0.993275,
        0.99265,
        0.994725,
        0.9918,
        0.99425,
        0.99105,
        0.995,
        0.992325,
        0.994675,
        0.992525,
        0.99455,
        0.9937,
        0.993825,
        0.9944,
        0.9933,
        0.995125,
        0.99365,
        0.993175,
        0.9943,
        0.9944,
        0.99285,
        0.995025,
        0.994975,
        0.994175,
        0.993525
    ],
    "val_loss": [
        1.4986526519775392,
        1.4606708965301514,
        1.5402929210662841,
        1.6169758670806884,
        1.7316655822753906,
        1.8553752904891967,
        2.094772589302063,
        2.233619897842407,
        2.4769411615371704,
        2.605218330383301,
        2.788703990936279,
        2.892276723098755,
        3.1062804721832276,
        3.117541555786133,
        3.2994161037445067,
        3.3959013957977295,
        3.3357372184753418,
        3.6132170680999756,
        3.5871336795806883,
        3.56090313873291,
        3.6748820587158204,
        3.831925634765625,
        3.7545330486297606,
        3.7016662940979006,
        3.9012664510726927,
        3.992832777786255,
        3.949356826400757,
        4.014790075302124,
        4.101940255355835,
        4.128426366043091,
        4.125651346206665,
        4.128870569992065,
        4.285470304107666,
        4.256922774887085,
        4.433445538711548,
        4.338940296173096,
        4.5062368724823,
        4.559465243148804,
        4.460584864425659,
        4.437516793060302,
        4.435439521789551,
        4.445601572799682,
        4.680543679046631,
        4.550709901809692,
        4.560590715789795,
        4.722524450302124,
        4.659255403518677,
        4.715137508010864,
        4.697621030807495,
        5.008383494186401,
        4.934487478256226,
        4.847611117172241,
        4.8194963840484615,
        4.772047983932495,
        4.716233192443847,
        4.728951803588867,
        4.744217763900757,
        4.807019497299194,
        4.835226275634765,
        5.057038107681274,
        4.959218321609497,
        4.736273765563965,
        4.90652064743042,
        5.127571620941162,
        5.042839641571045,
        5.047249144363403,
        4.936378227233886,
        5.291897792434693,
        5.135552195739746,
        5.2396873802185056
    ],
    "val_acc": [
        0.6275,
        0.644,
        0.6518,
        0.6541,
        0.6552,
        0.661,
        0.6588,
        0.6568,
        0.6537,
        0.6567,
        0.6577,
        0.6573,
        0.6566,
        0.6572,
        0.655,
        0.6454,
        0.6569,
        0.6571,
        0.6458,
        0.6479,
        0.6501,
        0.6503,
        0.6555,
        0.6548,
        0.6475,
        0.6483,
        0.6512,
        0.6572,
        0.6568,
        0.6534,
        0.6552,
        0.655,
        0.6554,
        0.6511,
        0.6457,
        0.6544,
        0.6488,
        0.6511,
        0.6467,
        0.6481,
        0.6557,
        0.6516,
        0.6466,
        0.6548,
        0.6477,
        0.6426,
        0.6486,
        0.6445,
        0.6509,
        0.6528,
        0.6434,
        0.6462,
        0.654,
        0.6548,
        0.6556,
        0.654,
        0.6543,
        0.6471,
        0.6465,
        0.6462,
        0.6451,
        0.6549,
        0.6455,
        0.645,
        0.6527,
        0.6496,
        0.6466,
        0.6465,
        0.6506,
        0.641
    ]
}