{
    "train_loss": [
        1.531854501056671,
        1.1910888020992279,
        1.0352119013547898,
        0.9323307036876678,
        0.8431064651727677,
        0.7640900784492493,
        0.6949528027415276,
        0.6282719255924225,
        0.5697198721051216,
        0.5068690730154515,
        0.4654498844504356,
        0.4170898218929768,
        0.3746774866729975,
        0.3387885608971119,
        0.30206424045264724,
        0.28775082668066027,
        0.25016475723683834,
        0.2373094886034727,
        0.2194605795405805,
        0.20217507875412702,
        0.1897415587283671,
        0.18028349051848053,
        0.16096590186841786,
        0.16506652684658765,
        0.14873539644107223,
        0.14694835827238859,
        0.14248515142071994,
        0.1393990885558538,
        0.14387589109055698,
        0.12923820532113314,
        0.12709123293980956,
        0.13324606985636056,
        0.11583524864371866,
        0.12061782934442163,
        0.1265705969175324,
        0.10625737467538565,
        0.10657701412942261,
        0.10324839750826359,
        0.10381163423880935,
        0.10246361114694737,
        0.0971128599573858,
        0.10138163465284743,
        0.10613598450289574,
        0.10079825700875372,
        0.09186452155960724,
        0.08960488017816097,
        0.09331926432405599,
        0.09081542159088421,
        0.08706908279613126,
        0.08670104595455341,
        0.08704663248057477,
        0.08837654639387038,
        0.08614136297809892,
        0.08489551960189129,
        0.0744632936759619,
        0.08298342770577874,
        0.08433565548370825,
        0.09056140182865784,
        0.059933021639077926,
        0.09304010954661061,
        0.07684444004943361,
        0.07982648000858025,
        0.07191227024213877,
        0.08168902333063306,
        0.07080133270404768,
        0.0861997124971036,
        0.07210185720056761,
        0.06340028464574134,
        0.07553685900003183,
        0.07540191271920339
    ],
    "train_acc": [
        0.44195,
        0.5755,
        0.636775,
        0.672575,
        0.704275,
        0.7335,
        0.756375,
        0.78105,
        0.7993,
        0.821275,
        0.834925,
        0.855225,
        0.86625,
        0.882575,
        0.8945,
        0.89705,
        0.912475,
        0.916125,
        0.92295,
        0.92965,
        0.9335,
        0.936925,
        0.943475,
        0.94315,
        0.948775,
        0.9515,
        0.95085,
        0.95205,
        0.952275,
        0.956075,
        0.95585,
        0.955675,
        0.960025,
        0.959925,
        0.959175,
        0.965325,
        0.964325,
        0.965875,
        0.966275,
        0.96585,
        0.968525,
        0.9663,
        0.965775,
        0.96685,
        0.97005,
        0.9717,
        0.9699,
        0.971875,
        0.9721,
        0.972125,
        0.9722,
        0.972275,
        0.973,
        0.97345,
        0.976025,
        0.974025,
        0.973575,
        0.971175,
        0.980875,
        0.97155,
        0.9755,
        0.975375,
        0.9782,
        0.97405,
        0.977825,
        0.97385,
        0.97755,
        0.980625,
        0.9768,
        0.976425
    ],
    "val_loss": [
        1.3194398469924926,
        1.1013291948318482,
        1.1180754196166993,
        0.993608704662323,
        0.9601661500930786,
        1.018346877193451,
        1.0133851085662842,
        0.9776096419334411,
        1.0592919644355774,
        1.0465397086143493,
        1.141197525882721,
        1.2177869715690612,
        1.2379495723724365,
        1.326386803817749,
        1.380057437133789,
        1.4331491337776183,
        1.4938529600143433,
        1.6618607667922973,
        1.6498994799613953,
        1.8278162366867066,
        1.9567326106071472,
        1.9269278732299804,
        2.0576213576316835,
        2.1282431137084963,
        2.2096078134536743,
        2.3063036415100098,
        2.3845955722808836,
        2.430925088119507,
        2.372619215297699,
        2.285302582740784,
        2.5564802131652833,
        2.38534458694458,
        2.4762174659729004,
        2.5292000162124633,
        2.6148468240737914,
        2.7118683164596558,
        2.718134727668762,
        2.7605194322586057,
        2.817096057891846,
        2.858840171051025,
        2.971248352050781,
        3.02189875869751,
        2.832644944572449,
        2.8895707864761353,
        3.018721738433838,
        3.036065893173218,
        2.987114021682739,
        3.0779129142761232,
        2.942551580429077,
        2.944179507255554,
        3.152841788482666,
        3.179597933387756,
        3.070478539466858,
        3.126297311401367,
        3.1251061431884763,
        3.2312119091033935,
        3.163322929763794,
        3.179853670501709,
        3.370863657569885,
        3.1894328710556032,
        3.3509218854904175,
        3.3525164138793944,
        3.2435625732421873,
        3.2181046993255613,
        3.413284131240845,
        3.386204716491699,
        3.3771409679412843,
        3.5346377744674684,
        3.4655497400283815,
        3.484288041305542
    ],
    "val_acc": [
        0.5163,
        0.6042,
        0.6048,
        0.6534,
        0.661,
        0.6455,
        0.6548,
        0.6759,
        0.6724,
        0.6725,
        0.6569,
        0.6636,
        0.6622,
        0.6619,
        0.6621,
        0.6653,
        0.6547,
        0.6572,
        0.6537,
        0.6532,
        0.64,
        0.6581,
        0.6355,
        0.6484,
        0.6407,
        0.6356,
        0.6511,
        0.6376,
        0.6505,
        0.6526,
        0.6486,
        0.6475,
        0.6428,
        0.6446,
        0.6351,
        0.6441,
        0.6486,
        0.6433,
        0.6464,
        0.6529,
        0.6401,
        0.6421,
        0.6504,
        0.6476,
        0.6442,
        0.6446,
        0.6501,
        0.6443,
        0.6461,
        0.6402,
        0.6449,
        0.6474,
        0.6473,
        0.6475,
        0.6469,
        0.6491,
        0.6482,
        0.6561,
        0.6483,
        0.6537,
        0.6447,
        0.6461,
        0.6514,
        0.6436,
        0.6401,
        0.6428,
        0.6422,
        0.6435,
        0.6315,
        0.6465
    ]
}