{
    "train_loss": [
        1.4827915132522582,
        1.1286100377082824,
        0.9818683189153671,
        0.8679161332607269,
        0.7724406778097153,
        0.6920719435453415,
        0.6197581131339073,
        0.551773944735527,
        0.4859999243080616,
        0.4306431668996811,
        0.3900847520530224,
        0.3325192444562912
    ],
    "train_acc": [
        0.461175,
        0.5991,
        0.65175,
        0.693325,
        0.727475,
        0.755225,
        0.781275,
        0.803925,
        0.82555,
        0.84645,
        0.8611,
        0.88115
    ],
    "val_loss": [
        1.2693213808059693,
        1.0953466430664063,
        1.0566326639175414,
        0.9881709743499756,
        0.9779951642990112,
        0.9797294864654541,
        0.9756721082687378,
        1.047183929824829,
        1.1550210814476014,
        1.220277792930603,
        1.2461120603561402,
        1.3529323402404785
    ],
    "val_acc": [
        0.5453,
        0.6193,
        0.6297,
        0.654,
        0.6647,
        0.669,
        0.6761,
        0.6748,
        0.6683,
        0.6752,
        0.6655,
        0.6683
    ]
}