{
    "train_loss": [
        1.565242739021778,
        1.2067738636136054,
        1.0618346601724624,
        0.9570049036443233,
        0.8597341606616974,
        0.7769235104620457,
        0.7120917675942182,
        0.6417388709783554,
        0.573486112177372,
        0.5106957859173417,
        0.45552570831775663,
        0.40980406950414183,
        0.3548883966654539,
        0.3160848523043096,
        0.29822857985645534,
        0.25818975641205905,
        0.23161514920601622,
        0.2139066612077877,
        0.1915920623410493,
        0.19285835904162377,
        0.16659736357070506,
        0.16015333760716022,
        0.15723232470778747,
        0.13592986166384072,
        0.15155982081545516,
        0.13198466787626967,
        0.14129297135630622,
        0.12530603930982762,
        0.12220827967324294,
        0.12375647553009912,
        0.1143328463206999,
        0.11978094290895387,
        0.11149149289669004,
        0.10823431474366225,
        0.10018827537575271,
        0.10942307395057287,
        0.10071039502031635,
        0.10136808775446843,
        0.09326254875783344,
        0.10717531607311685,
        0.08755567606375553,
        0.08891355779317382,
        0.09895906140393344,
        0.09112014426448149,
        0.09723695636645426,
        0.08886112625259557,
        0.08423875849691104,
        0.0908707224810787,
        0.07324266380476183,
        0.09468842047773068,
        0.06960215426119976,
        0.08828259724754026,
        0.07281969455807848,
        0.08512332628319928,
        0.0757801635149226,
        0.08912776254683559,
        0.07358083208475727,
        0.06283924163752817,
        0.08321495221981604,
        0.06359692670160802,
        0.06620624978556588,
        0.07863165618853236,
        0.08290392605493252,
        0.06565227452259569,
        0.06787686538283924,
        0.07655420140136994,
        0.058055779643240386,
        0.06752724464795756,
        0.06503709765640815,
        0.07030828779376862
    ],
    "train_acc": [
        0.43478125,
        0.5706875,
        0.62503125,
        0.66396875,
        0.6965625,
        0.72546875,
        0.75075,
        0.771,
        0.79871875,
        0.8176875,
        0.8384375,
        0.8531875,
        0.87225,
        0.88971875,
        0.8930625,
        0.90871875,
        0.91559375,
        0.92390625,
        0.93321875,
        0.934,
        0.94178125,
        0.9443125,
        0.946125,
        0.95284375,
        0.9489375,
        0.95403125,
        0.95315625,
        0.957375,
        0.95928125,
        0.95809375,
        0.96184375,
        0.95990625,
        0.9630625,
        0.964375,
        0.9668125,
        0.96478125,
        0.96709375,
        0.9660625,
        0.96871875,
        0.9660625,
        0.971875,
        0.971625,
        0.9689375,
        0.97065625,
        0.97025,
        0.97115625,
        0.97275,
        0.97046875,
        0.975875,
        0.96990625,
        0.97784375,
        0.97275,
        0.97665625,
        0.97378125,
        0.9755,
        0.97234375,
        0.9764375,
        0.9798125,
        0.9748125,
        0.97990625,
        0.9788125,
        0.975125,
        0.97534375,
        0.97959375,
        0.97946875,
        0.976875,
        0.9824375,
        0.97915625,
        0.979625,
        0.9790625
    ],
    "val_loss": [
        1.4156946694850923,
        1.1544925582408905,
        1.0813493144512176,
        1.053312300682068,
        1.00226222550869,
        0.9901227095127105,
        1.0831660717725753,
        1.0393675811290741,
        1.0993112580776214,
        1.1613857740163802,
        1.2551906995773316,
        1.3164245727062225,
        1.4319903489351273,
        1.4834759591817857,
        1.5853413710594177,
        1.6722524957656861,
        1.698052438735962,
        1.8423735370635987,
        2.0319772861003877,
        1.969833550453186,
        2.2206975176334383,
        2.184015118122101,
        2.2973144946098327,
        2.4052344110012056,
        2.4492320730686186,
        2.6803064677715303,
        2.4091355412006377,
        2.535200338125229,
        2.6678040897846222,
        2.613015478372574,
        2.7678859539031984,
        2.835991206407547,
        2.8186576232910157,
        2.829468988895416,
        2.9092828567028044,
        2.8991926879882812,
        3.0352141659259795,
        3.0357421164512632,
        3.1754865489006043,
        3.0635935518741606,
        3.182217413187027,
        3.118046360731125,
        3.185168191432953,
        3.4107639827728273,
        3.4480721168518067,
        3.3548800306320192,
        3.493697231411934,
        3.4890181040763855,
        3.5457521171569826,
        3.414839309215546,
        3.6000929589271546,
        3.561034474849701,
        3.7054647004604337,
        3.5016677713394166,
        3.7478827080726624,
        3.506910226345062,
        3.614357796907425,
        3.6251327221393583,
        3.56345090007782,
        3.649790518283844,
        3.8913688893318175,
        3.7424044976234434,
        4.024777395248413,
        3.7992134356498717,
        3.890825168609619,
        3.84144082403183,
        3.857021059989929,
        4.011977750301361,
        3.9861038460731506,
        3.907468867301941
    ],
    "val_acc": [
        0.5095,
        0.5925,
        0.624375,
        0.630125,
        0.6555,
        0.660125,
        0.64175,
        0.65875,
        0.65475,
        0.654875,
        0.644,
        0.638125,
        0.64175,
        0.6465,
        0.64025,
        0.633,
        0.63575,
        0.644875,
        0.625,
        0.633,
        0.630875,
        0.632375,
        0.63525,
        0.63975,
        0.637,
        0.62075,
        0.64425,
        0.63725,
        0.624875,
        0.639875,
        0.635125,
        0.63625,
        0.63675,
        0.631875,
        0.6385,
        0.628125,
        0.621125,
        0.63125,
        0.624,
        0.628875,
        0.628,
        0.628375,
        0.631,
        0.6195,
        0.624,
        0.63525,
        0.62175,
        0.623875,
        0.624125,
        0.629375,
        0.626875,
        0.62875,
        0.61875,
        0.624625,
        0.621375,
        0.625375,
        0.63025,
        0.627625,
        0.63075,
        0.63425,
        0.625125,
        0.6285,
        0.617875,
        0.6215,
        0.62475,
        0.625375,
        0.627875,
        0.628,
        0.631,
        0.635
    ]
}