{
    "train_loss": [
        1.3638764514565467,
        0.4314462519526482,
        0.2878898843199015,
        0.20778816855102777,
        0.15417269382551313,
        0.11060970299430191,
        0.0844467954903841,
        0.06393737307069823,
        0.05094801695067436,
        0.03361292164209299,
        0.03721234836319927,
        0.030661333151953296,
        0.02643424435739871,
        0.029325679361796936,
        0.030656120949203614,
        0.02329001839250268,
        0.022821438863215734,
        0.023135244544249145,
        0.028355013299925486,
        0.023287598659368088,
        0.02116780916880525,
        0.023687132674305757,
        0.01948580769675609,
        0.025896029568956872,
        0.021970865270078504,
        0.019220756422497653,
        0.02623328506514954,
        0.02100537906595455,
        0.021850532217252475,
        0.024377970697637648,
        0.022192648940134677,
        0.019726366960691667,
        0.02617966226060962,
        0.013797388276608398,
        0.023813752803098397,
        0.01882142763696902,
        0.025853143561378966,
        0.021531232930149326,
        0.019904905014297994,
        0.01733223836960317,
        0.019136692695344754,
        0.022853095755034518,
        0.01341498834713343,
        0.029832934926292364,
        0.014030009036053889,
        0.019603434337159116,
        0.01982446006479786,
        0.021978537715601577,
        0.018404626825997458,
        0.018557952415536056,
        0.018693192050930067,
        0.025809072933974643,
        0.017742687015076263,
        0.021558314172415886,
        0.01811292889917522,
        0.01610458233702193,
        0.021805391059951718,
        0.017834516114013467,
        0.02432433064878378,
        0.01649409768528138,
        0.02328942699533295,
        0.019441758512514024,
        0.01780105827624576,
        0.020744321600678687,
        0.017064020751765722,
        0.014943817304477353,
        0.024726454391765493,
        0.023425348190123502,
        0.01258757511207118,
        0.018981449312211022
    ],
    "train_acc": [
        0.67185,
        0.8857,
        0.924325,
        0.945125,
        0.958275,
        0.9696,
        0.9758,
        0.981775,
        0.984975,
        0.99045,
        0.988275,
        0.9907,
        0.99145,
        0.990975,
        0.9901,
        0.9923,
        0.993175,
        0.99305,
        0.990975,
        0.992575,
        0.992875,
        0.99235,
        0.993675,
        0.991725,
        0.99285,
        0.993625,
        0.99115,
        0.993375,
        0.993375,
        0.992375,
        0.99315,
        0.993875,
        0.9919,
        0.9953,
        0.992775,
        0.99425,
        0.991625,
        0.99335,
        0.993725,
        0.99445,
        0.993825,
        0.992775,
        0.996,
        0.991425,
        0.995575,
        0.993425,
        0.993725,
        0.993725,
        0.99445,
        0.9939,
        0.99385,
        0.9931,
        0.994975,
        0.993525,
        0.99455,
        0.99505,
        0.9936,
        0.99445,
        0.99285,
        0.994775,
        0.993725,
        0.99395,
        0.99505,
        0.994025,
        0.99495,
        0.9959,
        0.993175,
        0.9933,
        0.995975,
        0.99415
    ],
    "val_loss": [
        1.5953759179115294,
        1.571432759952545,
        1.6118725214004517,
        1.6375840500831604,
        1.7536218124389649,
        1.9557531120300293,
        2.0989482402801514,
        2.3263241439819335,
        2.529886897659302,
        2.7520462797164917,
        2.906153984260559,
        3.0321613162994385,
        3.1044735918045046,
        3.191532388114929,
        3.3432994325637817,
        3.4204566413879394,
        3.620413885498047,
        3.5757653049468994,
        3.6848204319000244,
        3.66127509765625,
        3.819677478981018,
        3.842867059326172,
        4.032678324508667,
        3.988200870323181,
        4.056400078582763,
        4.231347659301758,
        4.219436215019226,
        4.165108336830139,
        4.166595112609864,
        4.092214163208008,
        4.256221640968323,
        4.359370568847656,
        4.4151819068908695,
        4.692114403915405,
        4.475180033683777,
        4.472097938919068,
        4.407354543304443,
        4.596755093765259,
        4.582135264968872,
        4.637728779411316,
        4.5955069570541385,
        4.612364017105103,
        4.866427036857605,
        4.726962966537475,
        4.66324736995697,
        4.715421872711182,
        4.6766262523651125,
        4.823461703491211,
        4.802846285247803,
        4.89332160949707,
        4.874692194366455,
        4.8021021041870116,
        5.074536984634399,
        4.9141419448852535,
        4.870443911552429,
        4.9804089019775395,
        5.068176210784912,
        5.06570556640625,
        4.837839722061157,
        5.092378993606568,
        5.066111925888062,
        4.951386200714111,
        5.107752698516846,
        5.0559134094238285,
        5.0300387664794926,
        5.168750519180298,
        5.220586723327637,
        5.156840683174133,
        5.274698846435547,
        5.1781172302246095
    ],
    "val_acc": [
        0.6195,
        0.6328,
        0.6402,
        0.646,
        0.646,
        0.6512,
        0.6467,
        0.6562,
        0.6502,
        0.6523,
        0.6442,
        0.6498,
        0.6554,
        0.6475,
        0.6509,
        0.6509,
        0.6421,
        0.6446,
        0.6461,
        0.648,
        0.6478,
        0.6483,
        0.6482,
        0.6405,
        0.6439,
        0.6384,
        0.6474,
        0.6518,
        0.6452,
        0.6469,
        0.6489,
        0.6427,
        0.6457,
        0.6443,
        0.6433,
        0.6458,
        0.6431,
        0.6479,
        0.6509,
        0.6443,
        0.6453,
        0.6473,
        0.6415,
        0.6491,
        0.645,
        0.6473,
        0.6502,
        0.6464,
        0.6478,
        0.6463,
        0.6451,
        0.6452,
        0.6401,
        0.6459,
        0.6445,
        0.632,
        0.6377,
        0.6424,
        0.6497,
        0.645,
        0.6521,
        0.6478,
        0.6468,
        0.6467,
        0.652,
        0.6446,
        0.6444,
        0.6458,
        0.643,
        0.6487
    ]
}