{
    "train_loss": [
        1.6360128796696662,
        1.2641091355085372,
        1.1064469491243363,
        1.0016591698527335,
        0.9132078146338463,
        0.8460886676311493,
        0.7791700636148453,
        0.7238150801807642,
        0.6611891008764506,
        0.6043351447582245
    ],
    "train_acc": [
        0.4036875,
        0.54840625,
        0.60478125,
        0.647375,
        0.67621875,
        0.70103125,
        0.7254375,
        0.74428125,
        0.76496875,
        0.7858125
    ],
    "val_loss": [
        1.3147188301086425,
        1.1897789616584777,
        1.1590827074050902,
        1.0918277366161346,
        1.0261233582496643,
        1.0362974743843079,
        1.0880066576004028,
        1.0721393582820893,
        1.0858621366024017,
        1.164954508781433
    ],
    "val_acc": [
        0.526875,
        0.578625,
        0.59175,
        0.621625,
        0.6515,
        0.64625,
        0.636125,
        0.65,
        0.657,
        0.64375
    ]
}