{
    "train_loss": [
        1.509635748910904,
        1.132150946044922,
        0.9709319880008698,
        0.8693864190578461,
        0.7859108167171478,
        0.7121640255451203,
        0.639072308242321,
        0.5714017498254776,
        0.5131105124950409,
        0.4566082420945168,
        0.4167644939541817,
        0.361862469881773,
        0.33149819435179234,
        0.2932103877693415,
        0.2582912436120212,
        0.22820611283555628,
        0.2211696061372757,
        0.19535616987273097,
        0.18466644516065717,
        0.1807094766162336,
        0.16363385455831886,
        0.15595870743319393,
        0.14226552974022924,
        0.1506123837562278,
        0.1314192769896239,
        0.13370633234176785,
        0.12077817972437478,
        0.12096948781255633,
        0.11882517676474527,
        0.11678499785175081,
        0.11651794527843594,
        0.10877847652300261,
        0.10372899322239681,
        0.09970443316348829,
        0.10513753960304893,
        0.0915727791974321,
        0.10089465234989765,
        0.09098226506360807,
        0.09020374177061022,
        0.0945974379397463,
        0.09224441653406247,
        0.09536270947493612,
        0.09086357103753835,
        0.0791465497595258,
        0.08434620246798731,
        0.08682786998585798,
        0.07550295709435595,
        0.07953027341847774,
        0.0806047237226041,
        0.08042947919890285,
        0.07474147210337105,
        0.07143774941759184,
        0.08625700366180972,
        0.06862914395453991,
        0.07410508679708,
        0.07326968897735933,
        0.07205938313408988,
        0.07336201517143054,
        0.06897866868299898,
        0.07217971315334434,
        0.06347337578041479,
        0.06959317240934469,
        0.06624849704712106,
        0.07032545348351704,
        0.06793094824301661,
        0.06556863085069053,
        0.0694992547275251,
        0.05867246844863694,
        0.06768979615719145,
        0.05384613122751471
    ],
    "train_acc": [
        0.4484,
        0.5982,
        0.65955,
        0.693,
        0.7247,
        0.747925,
        0.77135,
        0.7999,
        0.82105,
        0.838,
        0.8544,
        0.872075,
        0.88335,
        0.897825,
        0.909575,
        0.9189,
        0.92065,
        0.932425,
        0.9359,
        0.936325,
        0.942575,
        0.94555,
        0.952,
        0.94755,
        0.954925,
        0.955425,
        0.9593,
        0.9571,
        0.960525,
        0.960775,
        0.9614,
        0.963175,
        0.96595,
        0.967725,
        0.965375,
        0.9699,
        0.96715,
        0.969975,
        0.969975,
        0.969325,
        0.969475,
        0.970625,
        0.971175,
        0.9748,
        0.973775,
        0.9727,
        0.975175,
        0.974425,
        0.9742,
        0.9747,
        0.976075,
        0.9776,
        0.972875,
        0.97845,
        0.977,
        0.977475,
        0.976925,
        0.977825,
        0.978475,
        0.9775,
        0.98,
        0.978825,
        0.980375,
        0.97935,
        0.979575,
        0.979075,
        0.97985,
        0.98185,
        0.978975,
        0.983325
    ],
    "val_loss": [
        1.2407629638671875,
        1.1039371528625488,
        0.9971523756027222,
        0.9839209259033204,
        1.0336361989974976,
        0.968895574760437,
        1.0273755748748779,
        1.0648077180862427,
        1.0636166706085206,
        1.154716032600403,
        1.2179829177856445,
        1.2938502095222473,
        1.3761935769081115,
        1.43645605802536,
        1.5026445908546449,
        1.7156900869369507,
        1.8147695098876953,
        1.883021501159668,
        2.00024918050766,
        1.8944751625061036,
        2.044198381996155,
        2.2386206153869628,
        2.181392918586731,
        2.2225915285110474,
        2.371437550163269,
        2.370429979324341,
        2.4026090950012207,
        2.62205659866333,
        2.493875991439819,
        2.5481732927322387,
        2.6151920543670655,
        2.6895792176246642,
        2.842444995212555,
        2.712938609313965,
        2.748223380470276,
        2.767392949104309,
        2.965728219985962,
        2.9531229578018188,
        3.0885145277023316,
        2.8358939418792724,
        2.961087101173401,
        3.040359790229797,
        2.9471052045822144,
        3.174110507583618,
        3.0694658288955687,
        3.238876612854004,
        3.2785272362709046,
        3.2005858793258666,
        3.1521069841384888,
        3.280838843917847,
        3.2604950731277467,
        3.3031045080184938,
        3.2284736108779906,
        3.2547295764923097,
        3.2145109952926636,
        3.2468969635009763,
        3.594101259613037,
        3.5520685068130495,
        3.5553269090652466,
        3.4410975938796997,
        3.493598202896118,
        3.551325037956238,
        3.6348503852844236,
        3.4779316246032717,
        3.6160039878845214,
        3.6915116561889647,
        3.670737487030029,
        3.848194555854797,
        3.7711810802459715,
        3.8723183742523193
    ],
    "val_acc": [
        0.5523,
        0.6052,
        0.6485,
        0.661,
        0.648,
        0.6812,
        0.6692,
        0.663,
        0.6781,
        0.6659,
        0.6684,
        0.6697,
        0.6641,
        0.6597,
        0.6706,
        0.6619,
        0.65,
        0.6539,
        0.6417,
        0.6633,
        0.662,
        0.649,
        0.6551,
        0.6574,
        0.6447,
        0.6577,
        0.6528,
        0.6468,
        0.6547,
        0.6491,
        0.6539,
        0.6455,
        0.6478,
        0.6532,
        0.6539,
        0.6538,
        0.6543,
        0.6434,
        0.6503,
        0.6576,
        0.6428,
        0.6528,
        0.6468,
        0.6408,
        0.6502,
        0.6483,
        0.6528,
        0.6491,
        0.6476,
        0.6442,
        0.6495,
        0.6533,
        0.6491,
        0.6504,
        0.6539,
        0.6521,
        0.6525,
        0.6468,
        0.6491,
        0.6478,
        0.6502,
        0.6489,
        0.6466,
        0.6546,
        0.6446,
        0.6445,
        0.659,
        0.658,
        0.6444,
        0.6391
    ]
}