{
    "train_loss": [
        1.6372909870147705,
        1.2829351208209991,
        1.1085691508352757,
        0.9922343231737614,
        0.8910217635035514,
        0.8180709317028523,
        0.7502541731894016,
        0.6781963374465704,
        0.6182768376320601,
        0.5600812072753907,
        0.49935120855271814,
        0.456913775831461,
        0.4138841089755297,
        0.3717528434097767,
        0.3406266789995134,
        0.30333278658241036,
        0.28292210135608914,
        0.2397129578748718,
        0.23552187388390303,
        0.21929207371361553,
        0.1941157133206725,
        0.18400147804431619,
        0.1707098784390837,
        0.1695086791738868,
        0.1448796276738867,
        0.16699322015745566,
        0.13607322783884593,
        0.1497680572764948,
        0.13266758537641726,
        0.13425149535003583,
        0.14192111339000985,
        0.11202272130455822,
        0.1189587215106003,
        0.11948546812718268,
        0.11068081860756501,
        0.10969744488666765,
        0.10325076740712393,
        0.12133319976518396,
        0.10795879944541957,
        0.10853681679163128,
        0.08883724190373322,
        0.10993421886209398,
        0.09304880051937653,
        0.09144526538153877,
        0.09600673119880958,
        0.09684605430962984,
        0.08298460686071485,
        0.10144334217399592,
        0.08874162845307729,
        0.08873702992258768,
        0.0769520394844003,
        0.08744911800618865,
        0.08830632263499866,
        0.0868897552646813,
        0.08714403236254294,
        0.0666815734666743,
        0.09926808824074397,
        0.07528933584032348,
        0.0872533499965939,
        0.07731458279436629,
        0.07517650790729385,
        0.07094266713298567,
        0.07061965726129711,
        0.08202135444358283,
        0.08305528684114688,
        0.07126412721828092,
        0.08607801425881735,
        0.06338273414655123,
        0.06701455756862561,
        0.060771820820060385
    ],
    "train_acc": [
        0.40053125,
        0.5423125,
        0.60734375,
        0.6499375,
        0.6861875,
        0.7109375,
        0.7361875,
        0.758625,
        0.77971875,
        0.80190625,
        0.8236875,
        0.83734375,
        0.85471875,
        0.871125,
        0.8791875,
        0.89153125,
        0.89915625,
        0.91609375,
        0.9180625,
        0.92371875,
        0.93221875,
        0.93628125,
        0.9394375,
        0.94115625,
        0.94971875,
        0.94228125,
        0.9519375,
        0.94978125,
        0.954875,
        0.95384375,
        0.95396875,
        0.962625,
        0.96065625,
        0.95909375,
        0.962875,
        0.9630625,
        0.96609375,
        0.95953125,
        0.9645625,
        0.96403125,
        0.9703125,
        0.96328125,
        0.97053125,
        0.96990625,
        0.9685625,
        0.9675625,
        0.97240625,
        0.9669375,
        0.97146875,
        0.97084375,
        0.97375,
        0.97265625,
        0.970875,
        0.97371875,
        0.97190625,
        0.97846875,
        0.96728125,
        0.97671875,
        0.97271875,
        0.97528125,
        0.97665625,
        0.977,
        0.97784375,
        0.97415625,
        0.975625,
        0.97746875,
        0.97378125,
        0.98046875,
        0.98046875,
        0.9805625
    ],
    "val_loss": [
        1.5206582527160644,
        1.2257165248394013,
        1.1199058437347411,
        1.0134249215126037,
        1.0189370452165603,
        1.0468254745006562,
        1.0358410148620605,
        1.0477531387805938,
        1.0896403150558471,
        1.112939218401909,
        1.1510617356300354,
        1.1461336649656295,
        1.2173198962211609,
        1.299333437681198,
        1.3572634091377258,
        1.4946857957839965,
        1.5846914331912993,
        1.698997052192688,
        1.701508356809616,
        1.7684138383865355,
        1.9871999459266663,
        1.8930799181461335,
        2.0355744652748107,
        2.103106684923172,
        2.2775431749820707,
        2.280324880838394,
        2.4330000338554383,
        2.419425890445709,
        2.553508187055588,
        2.6343618063926697,
        2.41075865983963,
        2.7815542076826096,
        2.693472232341766,
        2.767797830104828,
        2.907004745721817,
        2.847243621349335,
        2.9499491653442385,
        2.882160279750824,
        2.9233840959072115,
        2.950182981133461,
        3.007157127380371,
        2.9707300620079042,
        3.0346030678749085,
        3.0276397314071657,
        3.0952154443264006,
        3.202932374715805,
        3.1706679916381835,
        3.234672104358673,
        3.286922772884369,
        3.2454938344955444,
        3.3127223515510558,
        3.2652727959156036,
        3.508460807561874,
        3.258094741344452,
        3.4077964153289795,
        3.355380799293518,
        3.5182056851387022,
        3.561196075439453,
        3.5024894771575927,
        3.6298401479721067,
        3.4392282342910767,
        3.5192030806541443,
        3.8595204095840456,
        3.564314398288727,
        3.517432777881622,
        3.61871188211441,
        3.472124605178833,
        3.6364543452262876,
        3.7021971678733827,
        3.795747652053833
    ],
    "val_acc": [
        0.4565,
        0.56075,
        0.61375,
        0.64475,
        0.643,
        0.638375,
        0.6475,
        0.657375,
        0.6495,
        0.662125,
        0.660375,
        0.670625,
        0.663125,
        0.662125,
        0.659125,
        0.644375,
        0.65475,
        0.654125,
        0.645875,
        0.65275,
        0.642875,
        0.644625,
        0.649875,
        0.64275,
        0.64625,
        0.646625,
        0.65825,
        0.625375,
        0.626375,
        0.638125,
        0.634375,
        0.629875,
        0.636375,
        0.63475,
        0.62725,
        0.638375,
        0.63825,
        0.636,
        0.6255,
        0.6285,
        0.62825,
        0.644875,
        0.629875,
        0.642125,
        0.636125,
        0.63575,
        0.637625,
        0.633,
        0.63625,
        0.646125,
        0.636625,
        0.636125,
        0.639,
        0.637625,
        0.637875,
        0.640375,
        0.63725,
        0.62675,
        0.633625,
        0.635,
        0.63725,
        0.63575,
        0.62725,
        0.634625,
        0.634375,
        0.63625,
        0.63025,
        0.64175,
        0.6365,
        0.628625
    ]
}