{
    "train_loss": [
        1.9025537644386292,
        1.5747007269859314,
        1.435852892446518,
        1.3486965356349945,
        1.2832296885967254,
        1.2251405253887178,
        1.1754800164222716,
        1.134836442375183,
        1.0979632620811461,
        1.058294420671463,
        1.0341260282039642,
        0.9987217559337616,
        0.9829720182418823,
        0.9548356838464737,
        0.92209440472126,
        0.8994359891891479,
        0.8910772005558014,
        0.8717179391384124,
        0.8494363603115082,
        0.8316717984676361,
        0.8162487049818039,
        0.8053536294698715,
        0.7796905826807022,
        0.777760679936409,
        0.7579672469735146,
        0.7365824805259704,
        0.7358613410949707,
        0.7183189886808395,
        0.7080793420910835,
        0.6886816070556641,
        0.6776601536512374,
        0.6747645169377327,
        0.6517847021698951,
        0.6509105757713318,
        0.6367638184309006,
        0.628391201364994,
        0.6188718649148941,
        0.616093707537651,
        0.5992702376246453,
        0.589413500726223,
        0.5864848587870598,
        0.58309197422266,
        0.5725263078570366,
        0.5690919781804085,
        0.5564449098050595,
        0.5420887010812759,
        0.5352816535949707,
        0.5337210834145546,
        0.5336724448144435,
        0.5259675720095635,
        0.5218854664325714,
        0.5069847715616226,
        0.5071266274392605,
        0.5056822908520698,
        0.49520713206529615,
        0.49206992461681365,
        0.4798380744814873,
        0.5014978289663792,
        0.4726969792068005,
        0.48333600793480874,
        0.4764829783499241,
        0.4692128950357437,
        0.4603701269865036,
        0.45873622114360335,
        0.44822174575328827,
        0.4474919962078333,
        0.45093203830122947,
        0.42468462454676625,
        0.4400071843445301,
        0.4340078133046627
    ],
    "train_acc": [
        0.284925,
        0.430125,
        0.487575,
        0.52305,
        0.5461,
        0.571125,
        0.589225,
        0.607025,
        0.61885,
        0.630175,
        0.640325,
        0.65175,
        0.65995,
        0.6699,
        0.680125,
        0.6888,
        0.69425,
        0.697625,
        0.7053,
        0.71365,
        0.718075,
        0.721325,
        0.7296,
        0.7312,
        0.73805,
        0.7423,
        0.7462,
        0.74995,
        0.753175,
        0.7603,
        0.765175,
        0.766525,
        0.772275,
        0.7766,
        0.779,
        0.7835,
        0.785225,
        0.787625,
        0.7915,
        0.792875,
        0.7961,
        0.795775,
        0.802725,
        0.80055,
        0.8068,
        0.81055,
        0.8124,
        0.813075,
        0.8163,
        0.819325,
        0.8198,
        0.824525,
        0.82265,
        0.825075,
        0.828,
        0.82885,
        0.833275,
        0.827525,
        0.8377,
        0.8338,
        0.835475,
        0.839675,
        0.84005,
        0.84035,
        0.845775,
        0.84655,
        0.842625,
        0.85275,
        0.849,
        0.850675
    ],
    "val_loss": [
        1.6889030069351196,
        1.3702144886016845,
        1.371648180770874,
        1.191229495048523,
        1.2154860898971558,
        1.2306586007118225,
        1.1656784672737122,
        1.0808357294082642,
        1.0692512536048888,
        1.0566325150489808,
        1.0671201932907104,
        1.057767566871643,
        1.0592668810844421,
        1.0374336523056031,
        1.0215197834014893,
        1.0234155078887939,
        1.0406381574630736,
        1.026279157447815,
        1.017493663597107,
        1.080993908405304,
        1.0381022752761841,
        1.0296073331832887,
        1.0667139259338378,
        1.04672360124588,
        1.0220516956329346,
        1.0399114334106445,
        1.0802245203018188,
        1.0588493943214417,
        1.1075714599609374,
        1.0729031002044678,
        1.118111857700348,
        1.0881631563186644,
        1.1142316873550415,
        1.1394412590026854,
        1.087273872089386,
        1.148614908504486,
        1.1457266006469726,
        1.1027305734634398,
        1.180786026096344,
        1.1580610695838929,
        1.1591534523010254,
        1.1972446798324585,
        1.1845174118995667,
        1.1935893713951111,
        1.202592859363556,
        1.212312546825409,
        1.2716670353889465,
        1.2967734004974365,
        1.2714512537002562,
        1.2947181665420533,
        1.368488689994812,
        1.3421189326763152,
        1.364692750453949,
        1.3346022156715394,
        1.3461232873916626,
        1.38601999669075,
        1.4735745077133178,
        1.3856258460998536,
        1.4821409294128418,
        1.405786847305298,
        1.4329237413406373,
        1.4704690699577332,
        1.4483022050857544,
        1.3887770252227782,
        1.499384150981903,
        1.4292656436920166,
        1.4845281321525574,
        1.5117575390815734,
        1.5421238077163697,
        1.5051458584785462
    ],
    "val_acc": [
        0.3894,
        0.5108,
        0.514,
        0.5791,
        0.5703,
        0.579,
        0.5911,
        0.6265,
        0.6292,
        0.632,
        0.6331,
        0.6341,
        0.6375,
        0.6444,
        0.6547,
        0.6541,
        0.6528,
        0.6601,
        0.6657,
        0.6461,
        0.6608,
        0.6583,
        0.6565,
        0.6682,
        0.675,
        0.6658,
        0.6674,
        0.671,
        0.6621,
        0.6713,
        0.6487,
        0.6645,
        0.6595,
        0.6665,
        0.6792,
        0.6716,
        0.6753,
        0.672,
        0.663,
        0.673,
        0.6732,
        0.6661,
        0.6683,
        0.6728,
        0.6715,
        0.6667,
        0.6666,
        0.6735,
        0.6714,
        0.6609,
        0.6772,
        0.6724,
        0.6697,
        0.6709,
        0.673,
        0.6718,
        0.6686,
        0.6748,
        0.6671,
        0.6601,
        0.6661,
        0.6706,
        0.6607,
        0.6705,
        0.6707,
        0.6739,
        0.6726,
        0.6782,
        0.6641,
        0.6721
    ]
}