{
    "train_loss": [
        1.652002192401886,
        1.3896452739715577,
        1.2793544205665588,
        1.194075178861618,
        1.1276990094184876,
        1.0721874949932098,
        1.022443404006958,
        0.9780546530485154,
        0.9343031942605973,
        0.8983959229230881,
        0.8596608001708984,
        0.8248700420379639
    ],
    "train_acc": [
        0.4001,
        0.498625,
        0.543475,
        0.576075,
        0.600225,
        0.61945,
        0.6365,
        0.6512,
        0.669525,
        0.6808,
        0.694775,
        0.706375
    ],
    "val_loss": [
        1.4846991119384765,
        1.3399689817428588,
        1.2959737758636474,
        1.2335562185287476,
        1.2207716535568238,
        1.2101604944229125,
        1.2002931409835815,
        1.223231569671631,
        1.2209055730819702,
        1.2093843803405762,
        1.2440811925888062,
        1.2411338954925537
    ],
    "val_acc": [
        0.4611,
        0.5154,
        0.5411,
        0.5704,
        0.5659,
        0.5762,
        0.5828,
        0.5763,
        0.5832,
        0.5923,
        0.5894,
        0.5897
    ]
}