{
    "train_loss": [
        1.6609703224182129,
        1.3812694955348968,
        1.2790947111606599,
        1.1997104595661163,
        1.1365204964637756,
        1.073289514541626,
        1.019343633890152,
        0.9711477350234985,
        0.9300344095468521,
        0.8843093456029892,
        0.8498570724725724,
        0.80883172301054,
        0.7804882383108139,
        0.7453823496103287,
        0.7159696461200714,
        0.6838325064897537,
        0.6562283626914024,
        0.6263938907623291,
        0.605982073879242,
        0.5736863470315933,
        0.557199074625969,
        0.5290512205243111,
        0.5091627428293228,
        0.4851505600690842,
        0.46928480697870256,
        0.4535355714023113,
        0.43528597923517226,
        0.4191749741494656,
        0.39469761480093,
        0.3892336308479309,
        0.3738425161480904,
        0.36651414521336556,
        0.3452046076118946,
        0.3516710722833872,
        0.3163806511729956,
        0.31739480414688587,
        0.3040748136132956,
        0.30564637010991574,
        0.28432607619762423,
        0.2783979361861944,
        0.26978290780186653,
        0.27059557778984306,
        0.2568274971976876,
        0.2604070835992694,
        0.2377277153506875,
        0.24555244277119637,
        0.23880531937628985,
        0.2313816688299179,
        0.22712741016745566,
        0.2276276671409607,
        0.21366245658658445,
        0.20841061825603246,
        0.20832856044620277,
        0.2143095809943974,
        0.21072099239975214,
        0.19248688855022192,
        0.2079944747954607,
        0.1803328365445137,
        0.20053000307008625,
        0.195607545825094,
        0.17741974181458353,
        0.1919715562492609,
        0.18256698060035706,
        0.17003718991614877,
        0.17650861875340343,
        0.166020566059649,
        0.18480714777801185,
        0.18154236559383571,
        0.16545320657119156,
        0.1705837426647544
    ],
    "train_acc": [
        0.396125,
        0.50465,
        0.5433,
        0.571675,
        0.59725,
        0.618575,
        0.6376,
        0.65455,
        0.670975,
        0.686125,
        0.69945,
        0.714525,
        0.721775,
        0.7382,
        0.747025,
        0.757075,
        0.768,
        0.778575,
        0.783625,
        0.7946,
        0.801125,
        0.811475,
        0.816425,
        0.826075,
        0.834075,
        0.837975,
        0.842875,
        0.84965,
        0.8589,
        0.860925,
        0.863275,
        0.8681,
        0.87575,
        0.873425,
        0.886775,
        0.8857,
        0.889375,
        0.88965,
        0.8997,
        0.8998,
        0.902675,
        0.901975,
        0.907125,
        0.9054,
        0.9142,
        0.912125,
        0.914875,
        0.916,
        0.919675,
        0.917625,
        0.92285,
        0.92575,
        0.925775,
        0.9235,
        0.92535,
        0.931625,
        0.92715,
        0.935975,
        0.928775,
        0.929925,
        0.9369,
        0.93135,
        0.936475,
        0.9407,
        0.938325,
        0.941325,
        0.935975,
        0.935675,
        0.942175,
        0.941025
    ],
    "val_loss": [
        1.4217096126556397,
        1.3831375743865966,
        1.3003021501541139,
        1.2275457580566407,
        1.229256143951416,
        1.1913053199768067,
        1.1722315816879272,
        1.2424601119995118,
        1.2381466367721559,
        1.1992332538604735,
        1.2658347898483275,
        1.258334648323059,
        1.232880259513855,
        1.2704927713394165,
        1.3918222013473511,
        1.3113730670928956,
        1.3975145807266236,
        1.3938102877616882,
        1.478964333152771,
        1.508455509185791,
        1.5431892240524292,
        1.5975081506729125,
        1.6261464456558228,
        1.6556261861801147,
        1.7307634269714356,
        1.8392535989761352,
        1.833935853767395,
        1.91404670753479,
        2.015955917930603,
        1.9686069911956787,
        2.13238922996521,
        2.1590607206344603,
        2.1640220296859742,
        2.324190432548523,
        2.431751035308838,
        2.4592037773132325,
        2.483559553146362,
        2.5355445737838744,
        2.5986007555007933,
        2.6702392387390135,
        2.7017485164642334,
        2.8344534210205077,
        2.7899195444107057,
        2.854971187210083,
        3.0508645706176756,
        3.0369693881988526,
        3.076935802078247,
        3.135960064315796,
        3.170291972541809,
        3.1997899547576902,
        3.2986670085906984,
        3.416484353637695,
        3.4054748706817626,
        3.4968130458831785,
        3.5455571254730223,
        3.5995344291687013,
        3.6466277084350587,
        3.6690384384155275,
        3.642824144744873,
        3.865573585128784,
        3.795224983215332,
        3.873784469985962,
        3.9422443717956543,
        4.061180630683899,
        4.032259620666504,
        4.053893167495728,
        4.094151730728149,
        4.158625629806519,
        4.088563884353638,
        4.150881823730469
    ],
    "val_acc": [
        0.4813,
        0.5032,
        0.5369,
        0.5636,
        0.567,
        0.5807,
        0.5887,
        0.5713,
        0.5669,
        0.5943,
        0.5807,
        0.5855,
        0.5931,
        0.5918,
        0.5738,
        0.5868,
        0.5859,
        0.5866,
        0.587,
        0.5808,
        0.5909,
        0.5766,
        0.5836,
        0.5722,
        0.5711,
        0.5697,
        0.5729,
        0.5734,
        0.5564,
        0.575,
        0.5661,
        0.5651,
        0.5647,
        0.555,
        0.5611,
        0.5601,
        0.558,
        0.559,
        0.5602,
        0.5532,
        0.5661,
        0.55,
        0.553,
        0.5541,
        0.5568,
        0.5446,
        0.5612,
        0.552,
        0.5541,
        0.552,
        0.5505,
        0.5545,
        0.5467,
        0.5533,
        0.5498,
        0.5523,
        0.554,
        0.5477,
        0.5461,
        0.542,
        0.5519,
        0.5512,
        0.5414,
        0.546,
        0.546,
        0.5487,
        0.5492,
        0.5491,
        0.5467,
        0.5435
    ]
}