{
    "train_loss": [
        1.825525551223755,
        1.5051742470264435,
        1.3635942542552948,
        1.2604049782276154,
        1.1872810160636902,
        1.1274979946136474,
        1.0730558664321899,
        1.030505825805664,
        0.9890519126653671,
        0.9564555816173553,
        0.9245826027393341,
        0.8958570305347443,
        0.8566819066047668,
        0.8367975023031234,
        0.814300951552391,
        0.79166628408432,
        0.7684854433298111,
        0.7530934342622757,
        0.7347328621387482,
        0.7225411067724228,
        0.6995095790624618,
        0.6953754251360893,
        0.6772708522439003,
        0.666426676940918,
        0.641303221988678,
        0.6354793716430664,
        0.6187195134520531,
        0.6177453513383865,
        0.5997845218777657,
        0.5827171880960464,
        0.5780128178715706,
        0.5699372506022453,
        0.5530670911431312,
        0.5483514807581902,
        0.5479186509132385,
        0.5209283508181572,
        0.5217490553319454,
        0.5088362073779106,
        0.5033079346656799,
        0.501010419869423,
        0.48720724709630014,
        0.4804397526144981,
        0.47530847249031066,
        0.4672147028386593,
        0.46226870881915094,
        0.46143476458191873,
        0.4538652277946472,
        0.45355875480771063,
        0.4528965853571892,
        0.439947644585371,
        0.4396828508853912,
        0.4350586569130421,
        0.4313383203804493,
        0.42443584433794024,
        0.41933310361504555,
        0.4185370742917061,
        0.4078042864948511,
        0.419592334228754,
        0.405260687404871,
        0.40636694632768633,
        0.3961671782404184,
        0.39878057193160055,
        0.39886428325772283,
        0.38759021664261817,
        0.3902440469920635,
        0.38746038728356363,
        0.3787662920743227,
        0.36801220581531524,
        0.37426243562549355,
        0.3699108546867967
    ],
    "train_acc": [
        0.3184,
        0.456625,
        0.519975,
        0.5589,
        0.588225,
        0.609625,
        0.63215,
        0.644075,
        0.66265,
        0.671675,
        0.68345,
        0.691025,
        0.70825,
        0.71505,
        0.723025,
        0.729375,
        0.736675,
        0.743525,
        0.751175,
        0.755025,
        0.760975,
        0.763125,
        0.767675,
        0.773875,
        0.782025,
        0.78425,
        0.79025,
        0.7903,
        0.795225,
        0.8003,
        0.80415,
        0.80655,
        0.810025,
        0.81395,
        0.81515,
        0.8227,
        0.82325,
        0.826775,
        0.82745,
        0.829075,
        0.8336,
        0.83445,
        0.8411,
        0.840225,
        0.843875,
        0.8437,
        0.84665,
        0.849,
        0.847675,
        0.850425,
        0.852325,
        0.85325,
        0.854175,
        0.858325,
        0.858275,
        0.858875,
        0.861175,
        0.860625,
        0.862325,
        0.8634,
        0.86645,
        0.8668,
        0.8663,
        0.870725,
        0.8675,
        0.871225,
        0.871375,
        0.875275,
        0.8753,
        0.87585
    ],
    "val_loss": [
        1.4784627296447754,
        1.267673016166687,
        1.198114402961731,
        1.129974771308899,
        1.1350394145965577,
        1.1161922100067139,
        1.0341510573387147,
        1.00944091796875,
        1.0365653734207154,
        0.9907642928123475,
        1.021536572933197,
        1.0030665236473084,
        0.9848337423324585,
        0.991397836780548,
        1.0363391990661621,
        1.0087082755088805,
        1.0168980233192444,
        1.0282063423156738,
        1.0096268012046814,
        1.0380187757492065,
        1.0415865317344666,
        1.0214750482559205,
        1.085299425983429,
        1.056475204372406,
        1.0484844703674316,
        1.052835034751892,
        1.1076693474769592,
        1.0885075028419495,
        1.1483154008865357,
        1.1141506423950196,
        1.1240668159484863,
        1.1620975255012511,
        1.2088588335037231,
        1.1637170705795288,
        1.1971484654426574,
        1.283952850818634,
        1.1987244647979736,
        1.1752706908226014,
        1.2833503098487855,
        1.2811997159957886,
        1.2383913393974304,
        1.3084478707313538,
        1.2991020808219909,
        1.3194660734176635,
        1.3207834195137025,
        1.3683852427482606,
        1.395676116323471,
        1.3756503135681153,
        1.2703411193847656,
        1.4176544788360597,
        1.3040573760986327,
        1.414425862121582,
        1.3954198576927186,
        1.4414258142471315,
        1.4331886102676392,
        1.3808888525009155,
        1.451920799255371,
        1.424724372959137,
        1.5360287259101868,
        1.4656469867706299,
        1.477099761390686,
        1.5425251742362975,
        1.5835625741004944,
        1.5647646603584289,
        1.5253740406036378,
        1.4973463365554809,
        1.5285378190994263,
        1.6071044683456421,
        1.6746285131454468,
        1.5422798664093018
    ],
    "val_acc": [
        0.4587,
        0.546,
        0.5739,
        0.5963,
        0.5962,
        0.6056,
        0.639,
        0.6503,
        0.6415,
        0.6624,
        0.6485,
        0.6579,
        0.6639,
        0.6653,
        0.6588,
        0.6654,
        0.6741,
        0.6686,
        0.6748,
        0.6727,
        0.6651,
        0.6834,
        0.6744,
        0.6812,
        0.6817,
        0.6812,
        0.6778,
        0.6841,
        0.6733,
        0.6852,
        0.6786,
        0.6805,
        0.6749,
        0.6779,
        0.6736,
        0.667,
        0.6866,
        0.689,
        0.6767,
        0.6816,
        0.6916,
        0.6757,
        0.682,
        0.6838,
        0.6847,
        0.6755,
        0.6644,
        0.6782,
        0.6898,
        0.6835,
        0.6886,
        0.6904,
        0.6843,
        0.6714,
        0.6801,
        0.683,
        0.6858,
        0.6775,
        0.6732,
        0.6744,
        0.6825,
        0.6847,
        0.6745,
        0.6718,
        0.679,
        0.6805,
        0.6826,
        0.6818,
        0.6807,
        0.6838
    ]
}