{
    "train_loss": [
        1.0405008803367615,
        0.6523610162734985,
        0.5652313465595246,
        0.5019003879189491,
        0.4464955802381039,
        0.39661666363477704,
        0.3514302415847778
    ],
    "train_acc": [
        0.6434,
        0.77755,
        0.805875,
        0.828625,
        0.844625,
        0.8644,
        0.87985
    ],
    "val_loss": [
        1.0451498798370362,
        1.0316873714447021,
        1.0473040815353394,
        1.0905259112358092,
        1.1508074515342712,
        1.2344269055366517,
        1.2728843176841735
    ],
    "val_acc": [
        0.6563,
        0.6718,
        0.6724,
        0.6725,
        0.6717,
        0.6624,
        0.668
    ]
}