{
    "train_loss": [
        1.8749925273895263,
        1.5304581259727479,
        1.3879469276905059,
        1.3029535412311555,
        1.2258556978702546,
        1.1700288259983063,
        1.1161295619487763,
        1.0763123621940613,
        1.0362852294445037,
        0.9991080236673355,
        0.9572375121116639,
        0.9319467552423477,
        0.9015427397251129,
        0.8690382442712784,
        0.8506851380109787,
        0.824328259587288,
        0.8150759015202522,
        0.7834894502639771,
        0.7646720235466957,
        0.7443015578866005,
        0.7301859761238099
    ],
    "train_acc": [
        0.2986,
        0.447875,
        0.50035,
        0.5398,
        0.569675,
        0.589075,
        0.60895,
        0.624125,
        0.640025,
        0.65135,
        0.6663,
        0.67535,
        0.685975,
        0.7032,
        0.7049,
        0.71335,
        0.71945,
        0.7268,
        0.735625,
        0.743975,
        0.749325
    ],
    "val_loss": [
        1.518658748817444,
        1.3563017490386964,
        1.226362349510193,
        1.169617974090576,
        1.1056716720581055,
        1.1087772216796874,
        1.0582808294296264,
        1.0612945251464845,
        1.0366542610168457,
        1.0146493459701538,
        1.01600843667984,
        1.06640250415802,
        1.0078338974952699,
        0.9863012471199035,
        1.0288240589141846,
        0.9805731666564942,
        0.9821976364135743,
        1.0083664501190186,
        1.013149865245819,
        1.009646772480011,
        1.0115308597564698
    ],
    "val_acc": [
        0.4552,
        0.5208,
        0.5525,
        0.5831,
        0.6074,
        0.614,
        0.6327,
        0.6285,
        0.647,
        0.6506,
        0.655,
        0.6494,
        0.6611,
        0.67,
        0.6661,
        0.6755,
        0.6734,
        0.6773,
        0.6727,
        0.6834,
        0.6772
    ]
}